ID_Jugador;Nombre;Apellido;Nombre_Completo;Nombre_Corto;Edad;Categoria_2025;Valor_Mercado;Nacionalidad;Altura;Pie preferido;Extranjero;Posicion;Posicion S_1;Posicion S_2;goals;yellowCards;redCards;groundDuelsWon;groundDuelsWonPercentage;aerialDuelsWon;aerialDuelsWonPercentage;successfulDribbles;assists;accuratePassesPercentage;totalDuelsWon;totalDuelsWonPercentage;minutesPlayed;wasFouled;fouls;dispossessed;appearances;saves;savedShotsFromInsideTheBox;savedShotsFromOutsideTheBox;goalsConcededInsideTheBox;goalsConcededOutsideTheBox;highClaims;successfulRunsOut;punches;runsOut;accurateFinalThirdPasses;bigChancesCreated;accuratePasses;keyPasses;accurateCrosses;accurateCrossesPercentage;accurateLongBalls;accurateLongBallsPercentage;interceptions;clearances;dribbledPast;bigChancesMissed;totalShots;shotsOnTarget;blockedShots;goalConversionPercentage;hitWoodwork;offsides;errorLeadToGoal;errorLeadToShot;passToAssist;player;team
;;;;;;;;;;;;;;;0;0;0;3;75;1;100;2;0;65;4;80;63;1;1;0;4;0;0;0;1;0;0;0;0;0;2;0;13;0;1;25;1;33;1;3;0;0;0;0;0;0;0;0;0;0;0;Adriano Espinoza;ADC Juan Pablo II
1427104;Alvaro;Rojas;Alvaro Rojas;A. Rojas;20;Sub-20;350000;Perú;171;Der.;0;MCX;MI;MD;2;1;0;47;44;11;33;16;1;66;58;41;918;22;13;17;14;0;0;0;14;3;0;0;0;0;61;2;178;15;5;33;24;53;8;6;5;2;16;2;4;13;1;0;0;0;1;Alvaro Rojas;ADC Juan Pablo II
;;;;;;;;;;;;;;;0;1;0;14;52;3;50;2;0;81;17;52;180;5;8;1;6;0;0;0;6;0;0;0;0;0;14;0;61;2;0;0;5;56;3;2;0;0;4;0;1;0;0;0;0;0;0;Anderson Guevara;ADC Juan Pablo II
;;;;;;;;;;;;;;;2;0;0;30;77;29;53;1;0;81;59;63;1333;8;7;2;15;0;0;0;20;3;0;0;0;0;12;0;375;0;0;0;31;39;8;114;1;0;10;3;2;20;0;1;0;0;0;Arón Sánchez;ADC Juan Pablo II
;;;;;;;;;;;;;;;0;4;1;60;55;18;45;8;0;81;78;52;966;21;23;6;13;0;0;0;15;1;0;0;0;0;52;0;357;1;0;0;23;43;18;24;19;0;1;1;0;0;0;0;0;1;0;Christian Flores;ADC Juan Pablo II
1121321;Cristhian;Tizon;Cristhian Tizon;C. Tizon;29;Mayor;350000;Uruguay;175;Izq.;1;EXI;MP;MI;6;2;0;41;54;7;28;16;3;73;48;48;1318;23;3;12;16;0;0;0;22;3;0;0;0;0;90;7;224;28;24;21;13;52;5;7;6;3;44;21;3;14;1;13;1;1;2;Cristhian Tizon;ADC Juan Pablo II
;;;;;;;;;;;;;;;3;0;0;25;45;16;33;7;3;64;41;40;1017;16;6;13;15;0;0;0;14;3;0;0;0;0;52;4;117;17;0;0;5;42;0;16;4;5;22;10;4;14;1;5;0;0;0;Emiliano Villar;ADC Juan Pablo II
;;;;;;;;;;;;;;;0;0;0;15;54;5;45;1;0;80;20;51;386;3;3;1;7;0;0;0;5;0;0;0;0;0;12;0;106;3;0;0;8;47;10;18;6;1;2;1;0;0;0;0;0;0;0;Fabio Agurto;ADC Juan Pablo II
;;;;;;;;;;;;;;;1;1;0;9;43;10;28;4;0;67;19;33;493;5;4;6;15;0;0;0;8;1;0;0;0;0;20;2;74;6;1;100;3;75;1;5;0;4;13;5;0;8;1;3;0;1;0;Fabrizio Roca;ADC Juan Pablo II
;;;;;;;;;;;;;;;0;0;0;18;42;4;29;3;0;83;22;39;374;6;9;3;8;0;0;0;6;0;0;0;0;0;40;0;169;2;1;33;9;82;3;1;11;0;4;2;0;0;0;0;0;0;0;Gustavo Aliaga;ADC Juan Pablo II
;;;;;;;;;;;;;;;1;0;0;21;36;4;33;5;0;69;25;36;401;11;11;12;9;0;0;0;7;1;0;0;0;0;20;0;70;4;3;25;3;23;2;4;9;0;5;2;1;20;0;0;0;0;0;Gustavo Machado;ADC Juan Pablo II
;;;;;;;;;;;;;;;0;1;0;41;55;3;50;4;0;79;44;55;1024;8;17;2;14;0;0;0;17;3;0;0;0;0;55;1;325;7;3;14;28;38;12;32;12;0;2;0;0;0;0;1;0;0;0;Iván Santillán;ADC Juan Pablo II
;;;;;;;;;;;;EXD;;;0;2;0;34;53;4;33;12;1;85;38;50;725;13;8;10;9;0;0;0;11;2;0;0;0;0;86;2;378;9;7;25;47;78;4;6;6;0;6;2;1;0;0;1;0;0;0;Jack Durán;ADC Juan Pablo II
;;;;;;;;;;;;;;;0;4;0;37;47;14;56;13;3;83;51;49;1081;2;15;10;14;0;0;0;17;3;0;0;0;0;68;4;346;7;4;15;29;45;11;36;9;1;9;2;2;0;0;0;0;0;0;Jorge Toledo;ADC Juan Pablo II
;;;;;;;;;;;;;;;0;1;0;14;52;6;55;3;0;76;20;53;360;2;3;2;6;0;0;0;6;0;0;0;0;0;11;0;108;2;2;100;6;55;9;15;5;0;1;0;1;0;0;0;0;0;0;Josué Canova;ADC Juan Pablo II
;;;;;;;;;;;;;;;0;1;0;29;58;5;45;4;0;86;34;56;729;10;8;3;12;0;0;0;11;2;0;0;0;0;57;1;332;6;0;0;27;63;5;14;10;0;2;0;1;0;0;0;0;0;0;José Soto Ramirez;ADC Juan Pablo II
;;;;;;;;;;;;;;;0;0;0;0;0;1;50;0;0;89;1;33;118;0;1;1;3;0;0;0;3;0;0;0;0;0;9;0;50;0;0;0;3;60;0;2;0;0;0;0;0;0;0;0;0;0;0;Martin Peralta;ADC Juan Pablo II
;;;;;;;;;;;;;;;0;0;0;3;60;4;80;0;0;63;7;70;1440;3;1;0;16;43;20;22;23;3;19;8;3;8;14;0;239;1;0;0;96;41;0;17;1;0;0;0;0;0;0;0;1;1;0;Matias Vega;ADC Juan Pablo II
;;;;;;;;;;;;EXD;;;0;2;0;28;47;0;0;8;0;84;28;39;834;12;8;5;16;0;0;0;13;1;0;0;0;0;63;1;248;13;4;11;12;75;6;2;6;0;9;2;2;0;1;0;0;0;0;Nahuel Rodriguez;ADC Juan Pablo II
;;;;;;;;;;;;EXD;;;0;1;0;42;48;5;38;12;2;75;47;47;518;12;11;9;10;0;0;0;7;0;0;0;0;0;54;3;115;11;2;13;2;29;5;2;7;0;9;3;4;0;0;3;0;0;0;Relly Fernández;ADC Juan Pablo II
;;;;;;;;;;;;;;;3;3;0;33;70;45;60;2;1;74;78;64;1440;7;5;2;16;0;0;0;23;3;0;0;0;0;38;1;403;4;0;0;59;42;18;103;7;1;13;8;3;23;0;2;0;0;1;Renzo Alfani;ADC Juan Pablo II
;;;;;;;;;;;;;;;0;0;0;3;25;2;40;1;0;71;5;29;206;1;2;5;6;0;0;0;4;1;0;0;0;0;7;0;22;2;1;100;2;100;0;0;2;1;2;1;0;0;0;0;0;0;0;Tiago Cantoro;ADC Juan Pablo II
;;;;;;;;;;;;;;;1;1;0;28;64;17;81;1;0;61;45;69;666;4;9;1;13;0;0;0;8;0;0;0;0;0;38;1;120;10;14;33;17;28;11;50;3;0;4;1;1;25;0;1;0;0;0;Alexis Cossio;Alianza Atlético de Sullana
;;;;;;;;;;;;;;;0;0;0;6;50;2;40;1;0;62;8;47;140;1;4;0;5;0;0;0;1;0;0;0;0;0;9;0;29;0;0;0;0;0;0;8;1;0;3;0;1;0;0;0;0;0;0;Anthony Gordillo;Alianza Atlético de Sullana
;;;;;;;;;;;;;;;1;2;0;43;49;16;57;8;3;57;59;51;1205;9;15;11;16;0;0;0;12;2;0;0;0;0;49;3;143;6;9;23;26;38;13;39;15;0;13;2;3;8;0;0;0;0;0;Christian Vasquez;Alianza Atlético de Sullana
;;;;;;;;;;;;;;;0;1;0;0;0;6;100;0;0;42;6;100;540;2;0;0;6;12;5;6;1;0;3;3;4;3;22;0;65;0;0;0;36;29;0;6;0;0;0;0;0;0;0;0;0;0;0;Daniel Prieto;Alianza Atlético de Sullana
;;;;;;;;;;;;;;;0;1;0;2;50;0;0;0;0;50;2;40;900;2;0;0;10;25;14;11;13;2;4;4;5;4;21;0;144;0;0;0;71;33;0;16;2;0;0;0;0;0;0;0;1;0;0;Diego Melián;Alianza Atlético de Sullana
;;;;;;;;;;;;;;;3;7;0;44;53;10;67;5;1;66;54;55;881;8;21;4;14;0;0;0;6;2;0;0;0;0;42;4;127;8;6;50;13;36;5;35;10;1;14;7;1;21;0;0;0;0;0;Erick Perleche;Alianza Atlético de Sullana
;;;;;;;;;;;;;;;0;0;1;14;47;9;50;1;0;81;23;48;646;5;14;0;12;0;0;0;5;1;0;0;0;0;19;0;149;1;0;0;10;42;1;12;3;0;1;0;1;0;0;0;0;0;0;Federico Illanes;Alianza Atlético de Sullana
;;;;;;;;;;;;;;;0;2;0;36;52;7;35;3;1;84;43;48;1271;13;17;1;15;0;0;0;13;2;0;0;0;0;84;0;401;7;0;0;27;52;18;27;10;0;3;0;2;0;0;0;0;0;0;Frank Ysique;Alianza Atlético de Sullana
1109858;Guillermo;Larios;Guillermo Larios;G. Larios;23;Sub-23;350000;Perú;170;Der.;0;EXD;DC;EXI;3;4;1;20;31;19;29;2;1;57;39;30;550;8;18;12;13;0;0;0;4;0;0;0;0;0;40;1;65;10;0;0;4;22;5;12;9;2;13;6;3;23;0;1;0;0;0;Guillermo Larios;Alianza Atlético de Sullana
1644875;Hernan;Lupú;Hernan Lupú;H. Lupú;21;Sub-23;300000;Perú;175;Der.;0;MCD;MCX;;2;3;0;38;54;5;33;6;0;73;43;51;641;16;16;8;11;0;0;0;2;1;0;0;0;0;32;0;85;3;0;0;11;65;10;4;4;0;7;4;0;29;0;1;0;0;0;Hernan Lupú;Alianza Atlético de Sullana
;;;;;;;;;;;;;;;1;1;0;14;47;33;56;1;1;77;47;53;1426;6;11;0;16;0;0;0;14;2;0;0;0;0;52;1;321;6;2;20;31;38;8;79;7;1;7;3;0;14;0;1;0;0;0;Horacio Benincasa;Alianza Atlético de Sullana
;;;;;;;;;;;;;;;2;3;2;17;50;2;67;4;0;81;19;51;343;10;9;7;5;0;0;0;7;0;0;0;0;0;26;1;65;3;2;13;9;64;7;3;0;0;8;3;2;25;0;0;0;1;0;Jeremy Canela;Alianza Atlético de Sullana
;;;;;;;;;;;;;;;0;0;0;20;71;1;17;4;1;85;21;62;276;6;2;3;9;0;0;0;6;1;0;0;0;0;23;0;84;2;2;33;2;33;4;2;2;0;3;0;1;0;0;0;0;0;0;Jimmy Pérez;Alianza Atlético de Sullana
;;;;;;;;;;;;;;;0;0;0;9;69;3;75;2;0;80;12;71;124;6;1;2;6;0;0;0;0;0;0;0;0;0;12;0;32;4;1;50;1;100;0;0;0;0;3;1;0;0;0;0;0;0;0;Jorge del Castillo;Alianza Atlético de Sullana
;;;;;;;;;;;;;;;0;4;0;34;60;34;58;2;1;76;68;59;1440;5;18;5;16;0;0;0;14;2;0;0;0;0;48;2;356;3;0;0;53;49;15;120;2;0;11;2;3;0;1;0;0;0;0;José Villegas;Alianza Atlético de Sullana
;;;;;;;;;;;;;;;0;0;0;1;100;0;0;0;0;91;1;100;18;0;0;0;1;0;0;0;1;0;0;0;0;0;3;0;10;0;0;0;0;0;0;1;0;0;0;0;0;0;0;0;1;0;0;Luis Navea;Alianza Atlético de Sullana
1476736;Luis;Olmedo;Luis Olmedo;L. Olmedo;25;Mayor;450000;Argentina;169;Izq.;1;EXI;MP;EXD;1;2;0;59;52;2;13;16;5;73;61;47;984;22;11;16;15;0;0;0;9;0;0;0;0;0;75;6;183;23;17;25;12;55;10;3;13;3;21;7;5;5;2;0;0;0;0;Luis Olmedo;Alianza Atlético de Sullana
;;;;;;;;;;;;;;;1;1;0;9;30;20;50;0;1;64;29;41;259;5;7;10;8;0;0;0;1;0;0;0;0;0;20;0;39;3;0;0;0;0;0;3;2;1;7;2;1;14;0;0;0;0;0;Mauro Pérez;Alianza Atlético de Sullana
1096363;Miguel Agustín;Graneros;Miguel Agustín Graneros;M. A. Graneros;29;Mayor;500000;Argentina;180;Der.;1;DC;;;8;4;0;27;42;9;26;8;4;69;36;37;1306;13;12;14;16;0;0;0;12;1;0;0;0;0;47;5;82;22;4;29;2;40;1;8;2;4;41;21;4;20;1;16;0;0;0;Miguel Agustín Graneros;Alianza Atlético de Sullana
;;;;;;;;;;;;;;;0;0;0;5;71;2;50;0;0;63;7;64;93;1;1;0;5;0;0;0;1;1;0;0;0;0;2;0;5;0;0;0;1;33;2;9;1;0;1;0;0;0;0;0;0;0;0;Piero Guzman;Alianza Atlético de Sullana
;;;;;;;;;;;;;;;1;1;0;14;41;11;30;4;0;54;25;35;513;8;12;3;10;0;0;0;9;0;0;0;0;0;21;0;50;4;0;0;3;23;3;5;0;1;4;1;0;25;0;2;0;0;0;Renato Espinosa;Alianza Atlético de Sullana
;;;;;;;;;;;;;;;0;1;0;52;57;13;52;5;0;69;65;56;763;22;11;10;15;0;0;0;6;1;0;0;0;0;40;0;112;12;8;36;7;26;4;7;11;0;7;3;1;0;1;0;0;0;0;Rodrigo Castro;Alianza Atlético de Sullana
;;;;;;;;;;;;;;;2;0;0;0;0;3;33;0;0;69;3;25;81;0;1;0;5;0;0;0;2;2;0;0;0;0;2;0;11;1;0;0;0;0;0;3;0;1;5;4;0;40;0;0;0;0;0;Rolando Diaz;Alianza Atlético de Sullana
;;;;;;;;;;;;;;;0;3;0;10;33;3;19;1;0;72;13;28;765;1;13;0;13;0;0;0;6;2;0;0;0;0;17;0;128;0;0;0;18;38;5;30;6;1;4;2;0;0;0;0;0;1;0;Stefano Fernández;Alianza Atlético de Sullana
;;;;;;;;;;;;;;;0;0;0;1;100;0;0;0;0;0;1;100;8;1;0;0;1;0;0;0;0;0;0;0;0;0;0;0;0;0;0;0;0;0;0;1;0;0;0;0;0;0;0;0;0;0;0;Yordi Vílchez;Alianza Atlético de Sullana
;;;;;;;;;;;;EXI;;;1;0;0;45;60;5;38;18;1;82;50;57;477;23;4;10;8;0;0;0;5;0;0;0;0;0;44;0;99;3;0;0;3;43;3;3;3;4;19;11;1;5;0;1;0;0;0;Alan Cantero;Alianza Lima
1482438;Bassco;Soyer;Bassco Soyer;B. Soyer;18;Sub-20;200000;Perú;172;Der.;0;EXI;MP;;1;0;0;11;44;1;25;3;0;84;12;41;193;4;4;1;4;0;0;0;1;0;0;0;0;0;15;0;41;0;0;0;1;33;2;1;4;0;4;1;2;25;1;1;0;0;0;Bassco Soyer;Alianza Lima
;;;;;;;;;;;;;;;0;0;0;2;67;0;0;0;0;90;2;40;90;0;1;0;1;0;0;0;3;0;0;0;0;0;3;0;26;0;0;0;2;100;0;5;0;0;0;0;0;0;0;0;0;0;0;Brian Arias;Alianza Lima
;;;;;;;;;;;;;;;0;1;0;6;50;4;100;0;0;78;10;63;121;1;4;0;2;0;0;0;2;1;0;0;0;0;12;0;36;0;0;0;3;75;4;8;1;0;1;1;0;0;0;0;0;0;0;Carlos Daniel Gómez Cassani;Alianza Lima
;;;;;;;;;;;;;;;0;1;1;29;74;15;75;5;0;79;44;75;774;16;9;2;9;0;0;0;3;1;0;0;0;0;30;0;243;2;0;0;29;43;8;45;0;0;2;0;0;0;0;0;0;0;0;Carlos Zambrano;Alianza Lima
;;;;;;;;;;;;;;;1;1;0;34;58;34;79;7;0;86;68;67;1179;16;15;6;14;0;0;0;6;1;0;0;0;0;67;1;432;6;0;0;42;53;16;60;4;1;21;3;4;5;0;0;0;0;0;Erick Noriega;Alianza Lima
338957;Eryc;Castillo;Eryc Castillo;E. Castillo;30;Mayor;500000;Ecuador;178;Der.;1;EXD;EXI;;2;2;0;40;38;15;47;17;2;70;55;40;977;8;14;19;12;0;0;0;3;1;0;0;0;0;67;2;148;8;7;30;6;50;2;2;8;2;23;8;8;9;0;4;0;0;0;Eryc Castillo;Alianza Lima
;;;;;;;;;;;;;;;1;1;0;46;48;8;40;10;3;79;54;47;1118;18;8;15;16;0;0;0;9;1;0;0;0;0;188;5;496;23;10;22;48;62;8;8;11;0;20;9;7;5;0;1;0;0;1;Fernando Gaibor;Alianza Lima
;;;;;;;;;;;;;;;0;1;0;10;40;4;57;2;0;89;14;44;228;3;8;5;8;0;0;0;1;0;0;0;0;0;37;0;129;2;1;33;10;91;3;0;1;0;6;1;3;0;1;0;0;0;0;Gonzalo Aguirre;Alianza Lima
;;;;;;;;;;;;;;;0;2;0;43;51;5;50;22;0;72;48;51;749;10;12;2;11;0;0;0;3;0;0;0;0;0;38;0;146;8;11;21;13;45;12;23;7;0;12;2;3;0;0;1;0;0;0;Guillermo Enrique;Alianza Lima
;;;;;;;;;;;;;;;0;0;0;1;100;3;100;0;0;65;4;100;990;2;0;0;11;25;12;13;5;1;6;1;8;1;15;0;151;0;0;0;72;48;0;10;0;0;0;0;0;0;0;0;1;0;0;Guillermo Viscarra;Alianza Lima
31175;Hernán;Barcos;Hernán Barcos;H. Barcos;41;Mayor;50000;Argentina;187;Der.;0;DC;;;4;1;1;21;43;19;68;3;0;70;40;52;628;8;8;8;10;0;0;0;1;1;0;0;0;0;60;1;130;12;2;29;17;74;4;12;3;4;25;8;6;16;1;4;0;0;1;Hernán Barcos;Alianza Lima
;;;;;;;;;;;;;;;0;3;0;7;50;9;82;0;0;72;16;64;198;3;6;0;3;0;0;0;3;1;0;0;0;0;12;0;69;1;1;100;5;38;3;6;1;0;2;0;1;0;0;0;0;0;0;Jean Pierre Archimbaud;Alianza Lima
;;;;;;;;;;;;;;;0;3;0;20;45;13;65;2;0;87;33;52;569;6;12;3;11;0;0;0;4;0;0;0;0;0;34;0;205;6;0;0;9;60;15;20;9;0;1;0;1;0;1;0;0;1;0;Jesús Castillo;Alianza Lima
;;;;;;;;;;;;;;;0;0;0;39;46;6;50;18;2;71;45;47;642;13;6;14;13;0;0;0;7;0;0;0;0;0;58;4;129;12;3;30;8;80;4;4;7;0;8;2;2;0;0;1;0;0;0;Jhamir D'Arrigo;Alianza Lima
;;;;;;;;;;;;;;;0;0;0;7;70;17;65;0;0;86;24;67;369;4;0;1;5;0;0;0;2;0;0;0;0;0;7;0;146;0;0;0;15;56;2;39;2;0;3;0;2;0;0;0;0;0;0;Jhoao Velasquez;Alianza Lima
;;;;;;;;;;;;;;;0;0;0;4;80;5;71;1;0;92;9;75;247;1;1;0;4;0;0;0;3;0;0;0;0;0;7;0;106;1;0;0;4;67;1;3;0;0;1;1;0;0;0;0;0;0;0;Juan Delgado;Alianza Lima
;;;;;;;;;;;;EXI;;;1;3;0;24;38;4;44;9;2;82;28;38;713;12;9;10;11;0;0;0;1;1;0;0;0;0;64;1;151;8;0;0;3;60;1;6;1;2;20;5;8;5;0;4;0;0;0;Kevin Quevedo;Alianza Lima
;;;;;;;;;;;;;;;0;0;0;21;57;9;38;3;0;77;30;49;628;8;7;2;8;0;0;0;4;0;0;0;0;0;34;0;161;6;4;31;11;38;9;30;4;1;4;1;0;0;0;1;0;0;0;Marco Huaman;Alianza Lima
;;;;;;;;;;;;;;;0;1;0;6;32;9;53;1;0;77;15;42;208;5;5;4;8;0;0;0;4;0;0;0;0;0;12;1;30;5;0;0;0;0;0;2;2;0;9;1;2;0;0;2;0;0;0;Matías Succar;Alianza Lima
;;;;;;;;;;;;;;;0;1;0;25;53;12;48;5;0;78;37;51;779;5;11;1;11;0;0;0;5;1;0;0;0;0;76;0;319;6;13;30;21;36;6;33;8;0;5;1;0;0;0;1;0;0;0;Miguel Trauco;Alianza Lima
;;;;;;;;;;;;;;;0;1;0;4;67;1;100;1;0;80;5;71;90;0;1;1;1;0;0;0;3;0;0;0;0;0;2;0;24;0;0;0;2;40;1;4;0;0;1;1;0;0;0;0;0;0;0;Nicolas Amasifuen;Alianza Lima
;;;;;;;;;;;;;;;0;0;0;15;48;3;33;2;1;86;18;45;513;7;4;5;8;0;0;0;2;1;0;0;0;0;99;2;250;21;14;38;16;67;3;2;5;0;11;1;5;0;0;1;0;0;0;Pablo Ceppelini;Alianza Lima
;;;;;;;;;;;;;;;1;0;1;15;48;1;25;4;0;78;16;46;279;3;5;3;4;0;0;0;0;0;0;0;0;0;27;0;80;4;1;14;5;71;2;3;4;0;9;2;1;11;0;0;0;0;0;Pablo Lavandeira;Alianza Lima
338;Paolo;Guerrero;Paolo Guerrero;P. Guerrero;41;Mayor;50000;Perú;185;Der.;0;DC;;;5;1;1;25;51;41;60;8;0;71;66;56;729;15;8;14;11;0;0;0;1;0;0;0;0;0;73;1;141;11;1;100;4;80;0;9;1;2;22;9;5;23;0;10;0;0;0;Paolo Guerrero;Alianza Lima
2039604;Piero;Cari;Piero Cari;P. Cari;17;Sub-20;200000;Perú;178;Der.;0;MP;;;0;1;0;11;50;4;67;4;1;85;15;54;197;5;2;2;7;0;0;0;1;0;0;0;0;0;22;0;61;4;0;0;2;67;1;1;2;0;3;2;0;0;0;0;0;0;0;Piero Cari;Alianza Lima
;;;;;;;;;;;;;;;0;2;1;28;61;33;69;1;0;90;61;65;962;15;10;2;12;0;0;0;3;0;0;0;0;0;31;0;326;2;0;0;28;64;11;63;4;1;10;1;2;0;1;0;0;0;0;Renzo Garces;Alianza Lima
;;;;;;;;;;;;;;;1;1;0;21;51;4;40;1;0;80;25;49;613;8;8;2;10;0;0;0;6;0;0;0;0;0;48;1;190;19;15;32;17;46;6;26;7;1;6;2;2;17;0;0;0;0;0;Ricardo Lagos;Alianza Lima
;;;;;;;;;;;;;;;0;0;0;0;0;1;50;0;0;33;1;20;14;0;2;0;1;0;0;0;0;0;0;0;0;0;1;0;1;0;0;0;0;0;0;0;1;0;0;0;0;0;0;0;0;0;0;Said Peralta;Alianza Lima
;;;;;;;;;;;;;;;0;0;0;2;100;0;0;0;0;100;2;67;32;2;0;0;1;0;0;0;1;0;0;0;0;0;1;0;5;0;0;0;0;0;0;0;0;0;0;0;0;0;0;0;0;0;0;Víctor Guzmán;Alianza Lima
;;;;;;;;;;;;;;;0;0;0;1;50;1;100;0;0;66;2;67;450;1;0;0;5;12;4;8;4;0;2;1;2;2;12;0;74;0;0;0;31;46;0;6;1;0;0;0;0;0;0;0;1;0;0;Ángelo Campos;Alianza Lima
;;;;;;;;;;;;;;;0;0;0;12;55;3;27;1;0;85;15;45;557;7;5;0;8;0;0;0;10;0;0;0;0;0;30;0;146;1;3;14;9;45;4;16;4;0;2;0;0;0;0;0;0;0;0;Aldair Perleche;Alianza Universidad
;;;;;;;;;;;;;;;0;1;0;10;63;3;75;1;0;88;13;65;215;6;4;1;5;0;0;0;3;0;0;0;0;0;21;0;127;1;0;0;8;50;1;4;0;0;5;3;1;0;0;0;0;0;0;Alexis Fernández;Alianza Universidad
;;;;;;;;;;;;;;;0;2;0;11;55;6;55;1;0;88;17;55;550;6;3;3;10;0;0;0;9;2;0;0;0;0;55;1;325;4;1;100;15;52;5;4;3;0;3;0;0;0;0;0;0;0;0;Anthony Aoki;Alianza Universidad
;;;;;;;;;;;;;;;0;1;0;12;48;2;67;0;0;89;14;50;549;3;6;1;8;0;0;0;13;0;0;0;0;0;10;0;174;1;0;0;14;54;5;22;5;0;2;1;1;0;0;0;0;0;0;Benjamín Ampuero;Alianza Universidad
;;;;;;;;;;;;;;;0;0;0;32;42;5;31;2;1;89;37;40;963;14;10;4;14;0;0;0;21;2;0;0;0;0;104;1;439;12;3;21;14;50;11;20;19;0;7;2;2;0;0;0;1;0;0;Brayan Guevara;Alianza Universidad
;;;;;;;;;;;;EXD;;;0;0;0;11;52;1;50;7;0;85;12;52;90;2;1;3;4;0;0;0;3;0;0;0;0;0;8;1;17;4;2;50;0;0;0;0;2;0;3;0;1;0;0;0;0;0;0;Camilo Rodríguez;Alianza Universidad
;;;;;;;;;;;;;;;1;2;1;10;67;14;61;1;0;88;24;63;644;5;1;2;9;0;0;0;14;1;0;0;0;0;13;0;297;1;0;0;16;47;2;38;1;0;3;1;2;33;0;0;0;0;0;Christian Ramos;Alianza Universidad
;;;;;;;;;;;;;;;0;0;0;15;47;2;50;4;0;86;17;47;519;9;3;6;14;0;0;0;9;1;0;0;0;0;81;1;241;15;11;37;20;65;0;1;4;1;12;1;2;0;1;0;0;0;0;Edhu Oliva;Alianza Universidad
;;;;;;;;;;;;;;;0;1;0;21;40;4;44;8;0;83;25;40;511;7;9;9;8;0;0;0;7;2;0;0;0;0;40;1;110;5;1;11;3;43;4;0;4;0;7;2;2;0;0;0;0;0;0;Félix Espinoza;Alianza Universidad
;;;;;;;;;;;;;;;0;2;0;37;56;2;20;9;0;84;39;51;994;13;11;2;13;0;0;0;23;2;0;0;0;0;80;0;361;7;7;29;23;43;11;21;13;2;9;4;3;0;0;2;0;0;0;Gerson Iraola;Alianza Universidad
;;;;;;;;;;;;;;;1;0;0;8;36;5;36;2;0;72;13;36;192;6;5;7;7;0;0;0;3;0;0;0;0;0;12;0;26;4;0;0;0;0;1;1;2;2;6;2;1;17;0;0;0;0;0;Gustavo Pereira;Alianza Universidad
;;;;;;;;;;;;;;;0;1;0;14;58;9;56;3;0;82;23;58;581;2;2;2;10;0;0;0;11;0;0;0;0;0;47;3;210;9;8;29;13;39;12;23;3;0;16;4;6;0;0;0;0;0;0;Jesus Mendieta;Alianza Universidad
;;;;;;;;;;;;;;;0;3;0;21;62;13;72;0;0;90;34;65;1014;1;7;3;12;0;0;0;23;1;0;0;0;0;12;0;378;1;0;0;14;33;14;54;3;0;2;1;1;0;0;0;0;0;0;Jhon Ibargüen;Alianza Universidad
;;;;;;;;;;;;;;;1;0;0;6;38;8;50;1;0;81;14;44;311;5;3;1;8;0;0;0;6;0;0;0;0;0;26;1;57;2;0;0;1;100;0;1;1;1;5;3;1;20;1;3;0;0;0;Joffré Escobar;Alianza Universidad
;;;;;;;;;;;;;;;1;2;0;34;69;8;42;8;0;84;42;62;898;18;2;4;15;0;0;0;15;2;0;0;0;0;89;1;332;9;1;13;17;52;1;4;5;5;42;11;15;2;5;2;0;0;0;Jorginho Sernaqué;Alianza Universidad
;;;;;;;;;;;;;;;1;0;0;28;44;1;17;9;2;90;29;41;925;15;3;11;15;0;0;0;22;1;0;0;0;0;230;1;619;30;14;25;38;67;1;2;10;0;21;4;9;5;0;0;1;0;0;Marcos Lliuya;Alianza Universidad
;;;;;;;;;;;;;;;0;0;0;9;33;0;0;3;1;76;9;31;141;4;4;3;6;0;0;0;4;0;0;0;0;0;25;1;52;4;1;20;3;43;2;0;5;0;3;0;3;0;0;0;0;0;0;Nilton Ramirez;Alianza Universidad
;;;;;;;;;;;;;;;0;1;1;25;56;0;0;2;0;93;25;54;564;15;6;6;12;0;0;0;16;0;0;0;0;0;105;0;438;10;3;75;35;81;1;1;6;1;1;1;0;0;0;0;0;0;0;Omar Vasquez;Alianza Universidad
;;;;;;;;;;;;;;;2;0;0;27;50;19;53;1;0;87;46;51;1146;9;8;7;13;0;0;0;21;2;0;0;0;0;38;0;508;10;1;25;18;40;7;54;11;0;11;3;0;18;1;0;0;0;0;Otávio Gut;Alianza Universidad
;;;;;;;;;;;;;;;0;2;0;5;71;4;100;0;0;69;9;82;1170;3;1;0;13;33;17;16;25;2;8;8;6;8;20;0;257;0;0;0;79;41;0;15;0;0;0;0;0;0;0;0;1;1;0;Pedro Ynamine;Alianza Universidad
;;;;;;;;;;;;;;;0;0;0;1;100;0;0;0;0;67;1;50;24;1;0;0;1;0;0;0;0;0;0;0;0;0;1;0;6;1;0;0;0;0;0;2;0;0;0;0;0;0;0;0;0;0;0;Raul Tapia;Alianza Universidad
;;;;;;;;;;;;;;;0;0;0;5;63;0;0;3;0;92;5;63;67;1;0;1;4;0;0;0;1;0;0;0;0;0;7;0;33;1;0;0;1;50;0;0;1;0;1;1;0;0;0;0;0;0;0;Ray Gómez;Alianza Universidad
873806;Rick;Campodónico;Rick Campodonico;R. Campodonico;29;Mayor;250000;Perú;179;Der.;0;EXI;MP;;2;1;0;76;45;6;35;28;3;84;82;44;1336;33;19;33;16;0;0;0;24;2;0;0;0;0;155;3;329;24;12;22;15;60;4;2;11;0;31;9;9;6;0;3;0;0;1;Rick Campodonico;Alianza Universidad
;;;;;;;;;;;;;;;1;0;0;14;44;0;0;9;0;83;14;44;356;2;5;8;6;0;0;0;12;0;0;0;0;0;29;0;71;1;0;0;1;50;3;0;2;0;4;1;2;25;0;0;0;0;0;Walter Leguía;Alianza Universidad
;;;;;;;;;;;;;;;4;4;0;38;36;25;38;9;1;79;63;37;1380;15;18;32;16;0;0;0;30;2;0;0;0;0;56;2;159;10;1;17;1;50;2;5;5;6;39;14;10;10;0;9;0;0;0;Yorleys Mena;Alianza Universidad
;;;;;;;;;;;;;;;0;0;0;2;100;1;100;0;0;81;3;100;270;2;0;0;3;7;4;3;5;0;4;0;0;0;1;0;67;0;0;0;11;41;0;0;0;0;0;0;0;0;0;0;0;0;0;Ítalo Espinoza;Alianza Universidad
;;;;;;;;;;;;;;;0;1;0;22;47;3;27;6;0;84;25;43;907;6;10;9;14;0;0;0;10;5;0;0;0;0;130;0;384;16;7;25;33;58;5;10;3;0;8;1;6;0;0;0;0;0;0;Ademar Robles;Asociación Deportiva Tarma
;;;;;;;;;;;;;;;0;0;0;0;0;1;50;0;0;88;1;20;39;0;1;2;2;0;0;0;2;0;0;0;0;0;4;0;7;0;0;0;1;100;0;1;0;0;1;0;0;0;0;0;0;0;0;Adrián Fernández;Asociación Deportiva Tarma
;;;;;;;;;;;;;;;0;0;0;3;100;0;0;1;0;63;3;75;18;2;0;0;2;0;0;0;0;0;0;0;0;0;3;0;10;0;0;0;2;50;1;0;0;0;0;0;0;0;0;0;0;0;0;Alexander Hidalgo;Asociación Deportiva Tarma
;;;;;;;;;;;;;;;0;0;2;8;44;1;50;0;0;79;9;45;160;2;5;3;7;0;0;0;3;1;0;0;0;0;3;0;27;0;0;0;1;50;2;1;2;0;0;0;0;0;0;0;0;0;0;Axel Moyano;Asociación Deportiva Tarma
;;;;;;;;;;;;;;;0;2;0;11;42;4;44;4;1;76;15;43;387;3;6;5;8;0;0;0;10;3;0;0;0;0;23;2;109;4;1;33;9;56;4;7;2;0;2;0;0;0;0;0;0;0;0;Carlos Ascues;Asociación Deportiva Tarma
883396;Carlos;Cabello;Carlos Cabello;C. Cabello;27;Mayor;450000;Perú;175;Der.;0;EXD;EXI;CRD;3;4;0;35;44;6;43;6;4;78;41;44;1063;12;13;15;14;0;0;0;16;4;0;0;0;0;119;3;233;22;12;36;13;54;8;9;9;3;16;8;1;19;1;12;0;0;0;Carlos Cabello;Asociación Deportiva Tarma
;;;;;;;;;;;;;;;0;3;0;1;33;2;100;0;0;64;3;60;810;1;1;0;9;26;16;10;13;4;1;5;8;5;4;0;133;0;0;0;40;35;0;13;1;0;0;0;0;0;0;0;0;0;0;Carlos Grados;Asociación Deportiva Tarma
1650222;D'Alessandro;Montenegro;D'Alessandro Montenegro;D. Montenegro;22;Sub-23;400000;Perú;178;Der.;0;CRD;LD;;0;3;0;44;44;7;32;12;4;80;51;42;1226;7;19;8;16;0;0;0;22;4;0;0;0;0;101;4;314;14;4;20;16;39;12;27;9;0;8;3;2;0;0;2;0;0;0;D'Alessandro Montenegro;Asociación Deportiva Tarma
;;;;;;;;;;;;;;;0;0;0;1;100;1;100;0;0;67;2;100;630;1;0;0;7;18;12;6;9;3;5;4;2;4;7;1;124;1;0;0;44;42;0;3;0;0;0;0;0;0;0;0;1;0;0;Eder Hermoza;Asociación Deportiva Tarma
;;;;;;;;;;;;;;;1;3;0;55;54;14;52;8;2;80;69;54;1305;16;17;10;15;0;0;0;19;7;0;0;0;0;131;4;424;8;5;13;64;63;10;32;10;1;25;11;7;4;0;0;0;0;0;Fernando Bersano;Asociación Deportiva Tarma
;;;;;;;;;;;;;;;0;4;0;37;42;17;57;4;0;82;54;45;1237;14;24;11;15;0;0;0;17;6;0;0;0;0;144;3;523;14;1;14;60;61;18;22;12;0;19;4;3;0;2;0;0;0;0;Gerson Barreto;Asociación Deportiva Tarma
;;;;;;;;;;;;;;;0;0;0;0;0;0;0;0;0;0;0;0;6;0;0;0;1;0;0;0;0;0;0;0;0;0;0;0;0;0;0;0;0;0;2;0;0;0;0;0;0;0;0;0;0;0;0;Gonzalo Desio;Asociación Deportiva Tarma
;;;;;;;;;;;;;;;0;1;1;28;58;23;58;3;0;87;51;58;991;4;11;1;12;0;0;0;15;5;0;0;0;0;40;0;437;3;1;100;41;57;7;42;8;1;10;2;2;0;0;0;0;1;0;Gu Run Choi;Asociación Deportiva Tarma
;;;;;;;;;;;;;;;3;0;0;10;67;14;50;0;0;55;24;56;369;10;3;3;11;0;0;0;2;1;0;0;0;0;8;0;22;4;0;0;0;0;0;3;0;8;20;9;1;15;2;5;0;0;0;Hernán Rengifo;Asociación Deportiva Tarma
;;;;;;;;;;;;;;;0;0;0;1;33;1;50;0;0;84;2;40;47;0;1;0;2;0;0;0;0;0;0;0;0;0;5;0;16;1;0;0;1;100;0;0;1;0;0;0;0;0;0;0;0;0;0;Jair Reyes;Asociación Deportiva Tarma
;;;;;;;;;;;;;;;0;1;0;4;80;5;71;0;0;78;9;75;205;2;2;0;6;0;0;0;1;1;0;0;0;0;12;0;63;1;0;0;12;63;5;18;0;0;0;0;0;0;0;0;0;0;0;Jhair Soto;Asociación Deportiva Tarma
588144;Jhonny;Vidales;Jhonny Vidales;J. Vidales;33;Mayor;250000;Perú;180;Der.;0;DC;EXI;EXD;12;0;1;38;45;9;36;24;2;76;47;43;1201;6;8;21;15;0;0;0;17;6;0;0;0;0;99;2;224;16;9;35;14;70;0;11;3;6;39;22;7;31;1;8;0;0;0;Jhonny Vidales;Asociación Deportiva Tarma
;;;;;;;;;;;;EXI;;;1;0;0;28;55;2;20;11;1;87;30;49;611;13;2;11;8;0;0;0;8;2;0;0;0;0;71;2;168;13;3;16;6;60;1;3;0;1;9;2;4;11;0;2;0;1;0;Joao Rojas;Asociación Deportiva Tarma
;;;;;;;;;;;;;;;0;5;1;41;41;16;59;4;1;84;57;45;1234;7;30;2;14;0;0;0;22;4;0;0;0;0;73;1;490;13;1;25;45;51;19;43;22;0;7;3;0;0;0;0;0;0;0;John Narváez;Asociación Deportiva Tarma
;;;;;;;;;;;;;;;0;0;0;1;50;2;100;0;0;79;3;75;50;1;0;1;4;0;0;0;0;0;0;0;0;0;4;0;19;0;0;0;0;0;0;1;0;0;0;0;0;0;0;0;0;0;0;Josué Alvino;Asociación Deportiva Tarma
;;;;;;;;;;;;EXD;;;0;1;0;26;47;8;33;6;0;68;34;43;548;14;6;7;11;0;0;0;7;4;0;0;0;0;22;2;62;6;2;29;1;25;4;9;5;3;22;7;0;0;1;4;0;0;0;Mauro Da Luz;Asociación Deportiva Tarma
;;;;;;;;;;;;;;;0;1;1;8;42;28;60;1;0;88;36;55;728;2;14;0;10;0;0;0;13;6;0;0;0;0;10;0;220;2;0;0;22;69;11;76;0;1;2;2;0;0;0;0;0;1;0;Paolo Fuentes;Asociación Deportiva Tarma
590310;Víctor;Cedrón;Víctor Cedrón;V. Cedrón;31;Mayor;375000;Perú;173;Izq.;0;MP;MC;;2;2;0;44;54;7;32;12;2;79;51;49;1167;22;11;16;14;0;0;0;18;5;0;0;0;0;169;6;401;26;22;24;46;59;1;3;6;2;28;11;7;7;0;1;0;0;0;Víctor Cedrón;Asociación Deportiva Tarma
;;;;;;;;;;;;;;;0;1;0;28;68;8;44;0;0;81;36;61;566;7;8;1;8;0;0;0;10;5;0;0;0;0;56;0;165;5;1;10;20;56;14;30;4;0;3;0;2;0;0;0;0;0;0;Ángel Pérez;Asociación Deportiva Tarma
;;;;;;;;;;;;EXI;;;0;0;0;17;46;6;50;8;0;78;23;47;319;7;7;5;10;0;0;0;3;1;0;0;0;0;28;1;60;4;5;36;1;33;0;3;0;0;8;0;1;0;0;0;0;1;0;Óscar Pinto;Asociación Deportiva Tarma
;;;;;;;;;;;;;;;0;3;0;36;51;13;54;4;0;80;49;52;979;15;16;9;13;0;0;0;17;4;0;0;0;0;28;2;260;6;5;29;15;33;14;21;3;0;3;1;0;0;0;3;1;0;0;Alonso Tamaríz;Ayacucho
;;;;;;;;;;;;;;;0;1;0;27;49;7;44;8;0;73;34;48;550;10;7;6;9;0;0;0;7;3;0;0;0;0;32;1;103;7;1;8;8;38;4;13;5;1;10;3;0;0;1;4;0;0;0;Alonso Yovera;Ayacucho
;;;;;;;;;;;;;;;0;3;0;56;63;3;38;7;0;79;59;61;620;30;13;3;8;0;0;0;6;2;0;0;0;0;49;1;232;4;0;0;31;56;5;6;8;0;8;3;1;0;0;0;0;0;0;Carlos Correa;Ayacucho
;;;;;;;;;;;;;;;1;1;0;17;63;5;45;3;0;89;22;58;559;9;7;1;9;0;0;0;12;3;0;0;0;0;32;0;247;2;0;0;15;54;5;4;2;0;4;2;1;25;0;0;1;0;0;Carlos Uribe;Ayacucho
;;;;;;;;;;;;;;;0;3;0;47;50;10;56;14;0;82;57;51;1376;2;23;11;16;0;0;0;21;6;0;0;0;0;98;1;502;12;1;20;38;45;14;18;9;0;8;0;2;0;0;1;0;0;0;Derlis Orue;Ayacucho
;;;;;;;;;;;;;;;0;0;0;17;40;3;27;2;0;85;20;38;573;9;11;4;14;0;0;0;10;3;0;0;0;0;49;0;182;5;3;25;17;65;8;10;6;0;5;0;3;0;0;1;0;0;0;Diego Ramírez;Ayacucho
;;;;;;;;;;;;;;;0;2;0;9;43;6;60;0;0;84;15;48;274;5;4;0;6;0;0;0;3;1;0;0;0;0;7;0;36;0;0;0;3;60;2;4;3;1;2;0;0;0;0;2;0;0;0;Dylan Caro;Ayacucho
;;;;;;;;;;;;;;;0;0;1;31;69;4;50;13;1;83;35;66;635;5;3;4;12;0;0;0;7;4;0;0;0;0;51;1;249;7;17;35;13;43;5;15;0;0;3;1;1;0;1;2;1;0;0;Franco Medina;Ayacucho
;;;;;;;;;;;;;;;0;2;1;22;49;15;58;1;0;74;37;52;858;6;15;4;11;0;0;0;16;2;0;0;0;0;19;0;213;0;0;0;27;36;11;57;3;0;2;1;0;0;0;0;0;0;0;Gustavo Navarro;Ayacucho
;;;;;;;;;;;;;;;0;1;0;35;71;8;53;3;1;72;43;67;849;8;6;3;12;0;0;0;15;3;0;0;0;0;45;1;225;10;8;38;39;48;7;44;2;1;2;0;1;0;0;0;0;0;0;Jean Franco Falconi;Ayacucho
;;;;;;;;;;;;;;;0;0;0;19;73;2;50;3;0;79;21;70;227;13;4;1;6;0;0;0;4;0;0;0;0;0;13;0;37;2;3;50;2;40;2;2;0;0;4;2;0;0;0;2;0;0;0;Jean Pierre Vilchez;Ayacucho
;;;;;;;;;;;;;;;0;0;0;0;0;0;0;0;0;0;0;0;1;0;0;0;1;0;0;0;0;0;0;0;0;0;0;0;0;0;0;0;0;0;0;0;0;0;0;0;0;0;0;0;0;0;0;Jime Tuesta;Ayacucho
;;;;;;;;;;;;;;;0;1;0;6;67;1;20;3;0;74;7;50;117;3;2;1;5;0;0;0;1;0;0;0;0;0;2;0;17;0;0;0;1;33;0;0;0;0;1;1;0;0;0;1;0;0;0;Jiries Salem;Ayacucho
;;;;;;;;;;;;EXI;;;1;0;0;22;51;4;33;3;0;71;26;47;426;13;4;8;12;0;0;0;5;1;0;0;0;0;24;0;60;3;1;17;10;77;4;8;3;2;13;6;3;8;0;7;0;0;0;Joao Villamarin;Ayacucho
;;;;;;;;;;;;;;;0;2;1;13;54;21;62;2;0;79;34;59;650;3;11;0;8;0;0;0;8;4;0;0;0;0;10;0;185;0;1;100;20;38;11;57;1;0;3;0;0;0;0;0;0;0;0;Jonathan Bilbao;Ayacucho
;;;;;;;;;;;;;;;0;4;0;7;50;8;53;0;0;69;15;52;472;0;6;0;7;0;0;0;5;2;0;0;0;0;16;0;111;4;0;0;14;37;5;25;1;0;0;0;0;0;0;0;0;0;0;José Ataupillco;Ayacucho
1839331;Juan;Lucumí;Juan Lucumí;J. Lucumí;26;Mayor;200000;Colombia;185;Izq.;1;EXI;EXD;;3;3;0;50;45;9;56;18;5;69;59;47;1092;16;15;17;15;0;0;0;16;5;0;0;0;0;59;6;195;19;14;32;6;18;8;6;8;4;36;11;9;8;1;2;0;0;0;Juan Lucumí;Ayacucho
;;;;;;;;;;;;;;;0;3;1;2;67;4;100;0;0;61;6;86;1181;3;1;0;14;38;22;16;17;5;9;1;9;1;30;0;172;0;0;0;86;45;0;14;1;0;0;0;0;0;0;0;0;0;0;Juan Valencia;Ayacucho
;;;;;;;;;;;;EXI;;;0;2;0;17;52;7;41;3;0;81;24;48;650;3;6;2;13;0;0;0;8;2;0;0;0;0;51;0;228;3;3;8;12;35;6;20;6;0;4;1;2;0;0;3;0;0;0;Kenji Barrios;Ayacucho
;;;;;;;;;;;;;;;0;0;0;3;100;0;0;0;0;81;3;75;55;2;0;0;1;0;0;0;0;0;0;0;0;0;2;0;13;0;1;50;0;0;0;3;0;0;1;0;0;0;0;0;0;0;0;Kevin Ferreyra;Ayacucho
;;;;;;;;;;;;;;;1;8;0;40;63;39;71;2;0;89;79;67;1083;13;19;4;13;0;0;0;13;5;0;0;0;0;18;0;364;1;0;0;19;46;20;66;2;1;2;1;0;50;0;0;0;0;0;Manuel Ganoza;Ayacucho
1464276;Marcelo;Ferreira;Marcelo Ferreira;M. Ferreira;31;Mayor;250000;Paraguay;180;Izq.;1;DC;;;3;3;0;7;33;28;56;3;2;61;35;49;619;3;9;2;11;0;0;0;8;3;0;0;0;0;35;0;81;7;0;0;2;33;0;5;0;2;16;7;1;19;0;5;0;0;0;Marcelo Ferreira;Ayacucho
;;;;;;;;;;;;;;;0;1;0;7;50;0;0;0;0;85;7;50;143;3;3;4;5;0;0;0;0;0;0;0;0;0;33;0;109;1;0;0;5;38;0;0;0;0;4;2;1;0;0;0;0;0;0;Marvin Rios;Ayacucho
;;;;;;;;;;;;;;;3;2;0;26;46;83;56;6;1;68;109;53;1388;14;14;8;16;0;0;0;21;6;0;0;0;0;99;3;250;22;1;33;12;52;4;13;6;1;27;7;10;11;0;9;0;0;0;Maximiliano Perez;Ayacucho
;;;;;;;;;;;;;;;0;0;0;1;100;2;100;0;0;45;3;100;256;0;0;0;3;10;6;4;4;1;2;0;1;1;6;0;28;0;0;0;12;26;0;3;0;0;0;0;0;0;0;0;0;0;0;Paolo Izaguirre;Ayacucho
;;;;;;;;;;;;;;;0;1;0;1;17;0;0;0;0;81;1;13;77;1;2;2;5;0;0;0;1;0;0;0;0;0;0;0;13;0;0;0;0;0;1;1;1;0;2;1;1;0;0;0;0;0;0;Piero Ratto;Ayacucho
;;;;;;;;;;;;;;;0;1;0;0;0;0;0;0;0;86;0;0;56;0;2;2;3;0;0;0;1;0;0;0;0;0;7;0;24;1;0;0;0;0;1;0;0;0;1;0;0;0;0;1;0;0;0;Yamir Ruidiaz;Ayacucho
;;;;;;;;;;;;;;;0;1;0;15;58;1;17;1;1;82;16;50;274;8;8;2;9;0;0;0;3;1;0;0;0;0;26;0;79;5;5;38;8;47;3;4;1;1;9;2;2;0;0;1;0;0;0;Adrián Ascues;Cienciano
;;;;;;;;;;;;;;;0;1;0;29;63;3;50;2;0;81;32;62;357;14;7;1;6;0;0;0;2;1;0;0;0;0;56;0;156;6;3;19;11;69;5;2;8;0;8;1;1;0;0;0;0;0;2;Agustín González;Cienciano
;;;;;;;;;;;;;;;0;5;0;26;48;2;29;4;1;83;28;46;568;10;12;2;8;0;0;0;5;0;0;0;0;0;57;1;172;10;5;19;11;48;3;7;8;0;5;3;1;0;0;5;0;0;0;Alexi Edwin Gómez;Cienciano
;;;;;;;;;;;;;;;0;1;0;15;58;3;75;4;0;80;18;60;454;2;1;3;11;0;0;0;7;2;0;0;0;0;55;0;161;15;7;39;22;71;5;7;5;0;6;0;1;0;0;1;0;0;0;Alfredo Ramúa;Cienciano
;;;;;;;;;;;;;;;2;2;0;26;46;6;46;11;1;80;32;46;550;11;3;13;12;0;0;0;10;1;0;0;0;0;61;1;118;10;1;17;3;75;0;4;3;3;23;8;4;9;0;0;0;0;0;Beto Da Silva;Cienciano
906002;Carlos;Garcés;Carlos Garcés;C. Garcés;35;Mayor;250000;Ecuador;186;Der.;1;DC;;;5;3;1;15;39;22;38;1;1;66;37;39;822;9;15;4;11;0;0;0;11;3;0;0;0;0;37;0;96;6;0;0;1;17;2;8;2;3;23;12;5;22;0;5;0;0;0;Carlos Garcés;Cienciano
47447;Christian;Cueva;Christian Cueva;C. Cueva;33;Mayor;250000;Perú;169;Der.;0;MP;EXI;;5;2;0;20;44;0;0;4;2;81;20;43;389;9;12;3;10;0;0;0;4;3;0;0;0;0;65;2;156;18;5;42;4;36;1;0;3;0;10;5;2;50;1;2;0;0;0;Christian Cueva;Cienciano
931776;Christian;Neira;Christian Neira;C. Neira;24;Mayor;400000;Perú;169;Der.;0;MP;ED;MC;1;1;0;30;50;0;0;12;3;87;30;49;575;12;12;6;11;0;0;0;8;0;0;0;0;0;81;1;213;14;3;18;4;67;1;1;2;0;10;4;3;10;0;4;0;0;0;Christian Neira;Cienciano
;;;;;;;;;;;;;;;0;0;0;36;59;11;61;2;1;86;47;59;1040;10;5;3;14;0;0;0;14;4;0;0;0;0;60;2;353;7;0;0;20;59;20;24;15;0;5;1;1;0;1;0;0;0;0;Claudio Torrejón;Cienciano
;;;;;;;;;;;;;;;1;3;0;13;65;21;66;0;0;82;34;65;540;5;7;0;6;0;0;0;8;3;0;0;0;0;18;0;174;0;0;0;38;62;4;33;1;0;7;1;1;14;0;1;0;0;0;Danilo Ortiz;Cienciano
;;;;;;;;;;;;;;;0;0;0;0;0;0;0;0;0;50;0;0;90;0;0;0;1;3;0;3;1;1;0;0;0;0;2;0;12;0;0;0;5;29;0;0;0;0;0;0;0;0;0;0;1;0;0;Denzel Cana;Cienciano
;;;;;;;;;;;;EXD;;;2;0;0;23;37;1;11;10;1;80;24;33;513;5;9;10;14;0;0;0;9;2;0;0;0;0;60;2;113;8;2;20;4;57;0;5;5;1;12;5;1;17;0;4;0;0;0;Didier La Torre;Cienciano
895364;Gaspar;Gentile;Gaspar Gentile;G. Gentile;30;Mayor;400000;Argentina;182;Der.;0;EXI;EXD;;2;1;0;26;53;1;25;9;1;72;27;51;648;7;4;4;10;0;0;0;3;1;0;0;0;0;56;2;102;5;3;10;2;50;2;5;4;2;23;10;6;9;0;6;0;0;0;Gaspar Gentile;Cienciano
;;;;;;;;;;;;;;;0;0;0;0;0;1;100;0;0;68;1;100;630;0;0;0;7;18;7;10;9;0;3;7;3;7;7;0;104;0;0;0;24;34;0;11;0;0;0;0;0;0;0;0;0;0;0;Ignacio Barrios;Cienciano
;;;;;;;;;;;;;;;1;2;1;18;51;28;58;2;0;78;46;55;885;9;8;3;11;0;0;0;12;1;0;0;0;0;50;1;339;7;0;0;54;49;8;56;2;1;17;5;2;6;0;0;2;0;0;Jimmy Valoyes;Cienciano
;;;;;;;;;;;;;;;1;1;0;17;61;1;50;2;1;78;18;60;267;8;2;2;7;0;0;0;3;0;0;0;0;0;26;1;76;4;6;38;9;82;4;8;4;1;4;1;0;25;1;1;0;1;0;Joao Ortiz;Cienciano
;;;;;;;;;;;;;;;2;2;0;43;50;29;73;7;2;79;72;57;1284;4;18;4;16;0;0;0;17;4;0;0;0;0;95;1;427;16;6;18;58;50;15;53;20;0;22;7;4;9;0;0;0;1;0;Josué Estrada;Cienciano
;;;;;;;;;;;;;;;0;2;1;2;67;0;0;0;0;67;2;67;720;2;0;0;8;25;13;11;9;3;5;5;1;5;9;0;135;0;0;0;34;34;0;4;1;0;0;0;0;0;0;0;0;0;0;Juan Bolado;Cienciano
898631;Juan;Romagnoli;Juan Romagnoli;J. Romagnoli;29;Mayor;350000;Argentina;184;Amb.;1;EXD;EXI;;1;0;0;15;37;4;33;4;3;80;19;36;756;8;14;1;12;0;0;0;9;3;0;0;0;0;61;4;165;17;6;17;10;38;3;7;5;0;10;5;2;10;0;2;0;0;0;Juan Romagnoli;Cienciano
;;;;;;;;;;;;;;;0;0;1;10;63;13;72;1;0;87;23;68;545;2;5;0;8;0;0;0;8;2;0;0;0;0;7;0;160;0;0;0;29;71;7;22;0;0;3;0;0;0;0;0;0;0;0;Leonel Galeano;Cienciano
;;;;;;;;;;;;;;;3;4;1;38;47;2;15;16;1;85;40;43;952;11;10;21;15;0;0;0;16;1;0;0;0;0;138;1;344;32;8;24;22;67;8;1;5;0;21;6;6;14;1;0;0;2;0;Luis Benites;Cienciano
;;;;;;;;;;;;;;;0;3;0;16;62;41;72;0;0;83;57;69;900;3;8;0;10;0;0;0;10;1;0;0;0;0;17;0;250;1;0;0;22;50;12;74;2;1;5;1;0;0;0;1;0;2;0;Maximiliano Amondarain;Cienciano
;;;;;;;;;;;;;;;1;1;0;3;21;4;31;2;1;84;7;26;497;0;8;1;11;0;0;0;6;1;0;0;0;0;28;0;63;4;0;0;2;100;0;5;2;2;12;4;3;8;1;4;0;0;0;Osnar Noronha;Cienciano
;;;;;;;;;;;;;;;0;1;0;5;63;2;33;1;0;80;7;50;90;2;1;2;1;0;0;0;2;0;0;0;0;0;5;0;24;1;0;0;1;20;0;3;0;0;0;0;0;0;0;0;0;0;0;Pedro Ibañez;Cienciano
;;;;;;;;;;;;;;;0;0;0;5;38;3;60;0;0;83;8;44;253;1;3;0;6;0;0;0;5;2;0;0;0;0;19;0;91;1;0;0;6;38;7;15;2;0;1;0;0;0;0;0;0;0;0;Rudy Palomino;Cienciano
;;;;;;;;;;;;;;;0;5;1;27;49;6;75;4;0;89;33;52;785;12;19;4;12;0;0;0;7;1;0;0;0;0;69;1;310;9;1;25;22;73;12;9;2;0;14;1;5;0;1;0;0;0;0;Santiago Arias;Cienciano
;;;;;;;;;;;;;;;0;1;0;19;49;3;75;3;1;80;22;51;477;4;7;4;7;0;0;0;9;3;0;0;0;0;32;2;113;5;2;17;4;44;3;12;6;0;6;0;2;0;0;1;1;0;0;Sebastian Cavero;Cienciano
;;;;;;;;;;;;;;;1;0;0;12;32;3;33;5;1;63;15;32;413;6;6;10;12;0;0;0;5;1;0;0;0;0;39;0;84;4;2;13;1;17;0;4;4;2;6;2;1;17;0;0;0;0;0;Aldair Vasquez;Club Atlético Grau
;;;;;;;;;;;;;;;0;0;0;2;67;0;0;1;0;64;2;67;58;0;0;0;1;0;0;0;0;0;0;0;0;0;2;1;7;1;1;33;0;0;0;0;1;0;0;0;0;0;0;0;0;0;0;Arnold Flores;Club Atlético Grau
;;;;;;;;;;;;;;;0;0;0;7;47;2;50;2;0;82;9;47;186;2;4;0;5;0;0;0;3;1;0;0;0;0;11;0;42;1;0;0;4;67;2;2;0;0;2;1;1;0;0;0;0;0;0;Benjamín García;Club Atlético Grau
;;;;;;;;;;;;;;;1;1;0;16;43;6;32;10;1;81;22;39;351;1;7;10;9;0;0;0;6;0;0;0;0;0;27;1;61;7;2;22;1;100;0;3;1;3;7;5;0;14;1;1;0;0;0;Christopher Olivares;Club Atlético Grau
;;;;;;;;;;;;;;;0;2;0;20;63;21;60;2;1;77;41;61;1119;9;8;1;14;0;0;0;18;2;0;0;0;0;52;1;482;3;1;25;72;39;13;82;3;0;4;0;1;0;0;0;0;0;0;Daniel Franco;Club Atlético Grau
980141;Diego;Soto;Diego Soto;D. Soto;23;Mayor;450000;Perú;171;Der.;0;MCX;MCD;;1;1;0;49;49;10;40;9;0;87;59;48;1135;9;22;15;14;0;0;0;16;1;0;0;0;0;111;2;478;13;7;28;34;63;13;12;11;0;7;3;0;14;0;0;0;0;0;Diego Soto;Club Atlético Grau
;;;;;;;;;;;;;;;0;1;0;21;51;6;50;0;0;79;27;51;856;11;3;4;13;0;0;0;10;1;0;0;0;0;74;1;229;12;15;33;17;46;8;11;8;0;5;1;2;0;0;6;0;0;0;Elsar Rodas;Club Atlético Grau
;;;;;;;;;;;;;;;0;1;0;21;49;9;38;2;1;75;30;45;639;6;12;1;8;0;0;0;10;1;0;0;0;0;22;1;140;5;2;33;9;32;6;30;6;0;3;0;1;0;0;0;0;0;0;Fabio Rojas;Club Atlético Grau
;;;;;;;;;;;;;;;0;0;0;1;25;1;50;0;0;67;2;33;174;0;1;0;4;0;0;0;5;1;0;0;0;0;2;0;38;0;0;0;1;10;0;15;1;0;1;0;1;0;0;0;0;0;0;Francesco Cavagna;Club Atlético Grau
;;;;;;;;;;;;;;;0;1;1;36;50;22;55;7;0;80;58;52;999;8;16;6;13;0;0;0;8;1;0;0;0;0;81;1;375;12;7;23;31;53;15;23;14;0;7;2;3;0;0;0;0;0;0;Jeremy Rostaing;Club Atlético Grau
;;;;;;;;;;;;;;;0;1;0;10;38;2;40;0;0;78;12;39;194;3;6;2;5;0;0;0;5;0;0;0;0;0;10;0;32;2;3;43;1;50;1;4;5;0;1;1;0;0;0;0;0;0;0;Jherson Reyes;Club Atlético Grau
;;;;;;;;;;;;EXI;;;1;0;0;15;38;1;17;4;1;91;16;36;292;7;6;6;9;0;0;0;3;1;0;0;0;0;25;1;74;7;6;40;2;100;3;1;5;0;3;1;2;33;0;0;0;0;0;Joel Herrera;Club Atlético Grau
887125;Jose;Bolivar;Jose Bolivar;J. Bolivar;25;Mayor;400000;Perú;175;Izq.;0;LI;DFCI;CRI;1;1;0;28;60;22;63;5;0;85;50;61;847;8;5;5;11;0;0;0;11;0;0;0;0;0;48;2;316;8;9;35;24;50;14;36;5;0;5;2;1;20;0;1;0;0;0;Jose Bolivar;Club Atlético Grau
;;;;;;;;;;;;EXD;;;1;0;0;19;43;15;43;6;2;69;34;43;541;8;5;6;9;0;0;0;7;0;0;0;0;0;47;3;106;6;1;8;4;33;0;5;6;2;16;5;4;6;0;2;1;0;0;Juan Garro;Club Atlético Grau
;;;;;;;;;;;;;;;0;1;0;14;50;1;33;0;1;84;15;48;328;3;8;3;8;0;0;0;3;1;0;0;0;0;27;0;143;3;0;0;11;52;7;3;3;0;4;0;3;0;0;0;0;1;0;Leonel Solís;Club Atlético Grau
830746;Neri;Bandiera;Neri Bandiera;N. Bandiera;35;Mayor;200000;Argentina;172;Der.;1;DC;EXI;EXD;4;0;0;21;48;16;44;2;1;62;37;46;927;18;7;2;14;0;0;0;9;1;0;0;0;0;43;0;93;6;2;14;9;56;4;12;7;3;14;7;2;29;1;10;0;0;0;Neri Bandiera;Club Atlético Grau
;;;;;;;;;;;;;;;2;1;0;0;0;5;100;0;0;72;5;100;1440;0;0;0;16;40;25;14;20;2;14;3;5;3;15;0;395;2;0;0;86;37;0;14;0;1;4;2;0;50;1;0;2;1;0;Patricio Álvarez;Club Atlético Grau
;;;;;;;;;;;;EXI;;;0;1;0;22;59;2;29;4;0;88;24;55;391;10;3;4;6;0;0;0;9;1;0;0;0;0;43;0;114;4;1;6;1;20;3;4;3;0;5;1;2;0;0;0;0;0;0;Paulo De La Cruz;Club Atlético Grau
;;;;;;;;;;;;;;;1;5;0;39;46;18;72;9;0;78;57;52;1380;7;17;6;16;0;0;0;20;1;0;0;0;0;115;1;518;9;1;4;54;47;17;25;11;1;11;3;3;9;1;0;0;0;0;Rafael Guarderas;Club Atlético Grau
107625;Raúl;Ruidiaz;Raúl Ruidíaz;R. Ruidíaz;34;Mayor;550000;Perú;169;Der.;0;DC;;;5;1;0;28;44;22;54;5;0;82;50;48;845;18;13;10;10;0;0;0;8;1;0;0;0;0;45;1;134;9;0;0;7;100;2;2;4;4;47;14;10;11;2;5;0;0;0;Raúl Ruidíaz;Club Atlético Grau
;;;;;;;;;;;;;;;0;1;0;33;61;35;56;3;0;88;68;59;1440;1;9;2;16;0;0;0;20;2;0;0;0;0;32;0;696;0;0;0;56;52;19;99;8;0;3;0;1;0;0;1;1;2;0;Rodrigo Tapia;Club Atlético Grau
965759;Rodrigo;Vilca;Rodrigo Vilca;R. Vilca;26;Mayor;350000;Perú;175;Der.;0;MP;;;2;1;0;51;46;1;8;20;1;81;52;43;817;21;9;29;13;0;0;0;11;1;0;0;0;0;73;1;187;10;5;26;11;65;9;4;11;0;28;12;7;7;3;2;0;0;0;Rodrigo Vilca;Club Atlético Grau
;;;;;;;;;;;;;;;0;1;0;18;46;17;45;0;1;58;35;45;494;14;13;7;12;0;0;0;11;2;0;0;0;0;27;2;59;3;1;20;5;45;1;5;0;1;11;2;2;0;1;1;0;0;0;Tomás Sandoval;Club Atlético Grau
;;;;;;;;;;;;;;;0;0;0;0;0;0;0;0;0;84;0;0;180;0;0;0;2;5;3;2;3;2;2;3;0;3;0;0;52;0;0;0;9;50;0;2;0;0;0;0;0;0;0;0;0;0;0;Alejandro Duarte;Club Sporting Cristal
;;;;;;;;;;;;;;;0;2;0;1;14;2;50;0;0;87;3;27;212;1;4;0;4;0;0;0;5;2;0;0;0;0;3;0;110;0;0;0;12;52;3;17;2;1;1;0;0;0;0;0;0;0;0;Alejandro Pósito;Club Sporting Cristal
;;;;;;;;;;;;;;;0;1;0;1;25;0;0;0;0;73;1;25;45;0;1;1;1;0;0;0;1;2;0;0;0;0;1;0;8;0;0;0;1;50;0;0;1;0;0;0;0;0;0;0;0;0;0;Axel Cabellos;Club Sporting Cristal
1415942;Catriel;Cabellos;Catriel Cabellos;C. Cabellos;20;Sub-23;900000;Perú;172;Der.;0;MC;MD;MCX;0;2;0;22;47;1;17;2;0;83;23;43;563;9;8;9;12;0;0;0;6;5;0;0;0;0;62;2;208;13;2;20;26;65;2;11;1;0;8;1;3;0;0;1;1;0;1;Catriel Cabellos;Club Sporting Cristal
;;;;;;;;;;;;;;;5;2;0;64;60;17;46;11;1;90;81;56;886;29;16;13;12;0;0;0;13;3;0;0;0;0;121;2;354;15;9;29;16;84;6;6;6;3;22;10;2;23;1;1;0;0;0;Christofer Gonzáles;Club Sporting Cristal
;;;;;;;;;;;;;;;0;1;0;2;67;3;75;0;0;79;5;71;1260;2;1;0;14;30;20;10;14;3;6;1;8;1;11;0;289;1;0;0;58;44;0;11;0;0;0;0;0;0;1;0;0;0;0;Diego Enríquez;Club Sporting Cristal
;;;;;;;;;;;;;;;0;0;0;2;67;0;0;1;0;83;2;67;26;0;1;0;1;0;0;0;0;0;0;0;0;0;3;0;10;0;0;0;0;0;0;0;0;0;0;0;0;0;0;1;0;0;0;Fabrizio Lora;Club Sporting Cristal
;;;;;;;;;;;;EXI;;;1;1;0;14;44;3;38;3;0;73;17;43;350;8;4;8;6;0;0;0;5;1;0;0;0;0;35;0;57;6;1;14;2;50;1;1;3;3;10;4;2;10;0;4;0;0;0;Fernando Pacheco;Club Sporting Cristal
;;;;;;;;;;;;;;;0;2;0;16;52;16;64;1;0;86;32;57;689;3;7;2;10;0;0;0;7;5;0;0;0;0;21;1;326;2;0;0;23;44;6;29;6;1;4;0;0;0;0;0;1;0;0;Flavio Alcedo;Club Sporting Cristal
;;;;;;;;;;;;;;;0;6;0;12;40;22;56;1;2;81;34;49;900;1;9;4;10;0;0;0;9;2;0;0;0;0;47;3;380;5;2;22;57;52;9;52;4;1;11;2;2;0;1;3;0;2;0;Franco Romero;Club Sporting Cristal
;;;;;;;;;;;;;;;0;1;0;10;59;22;63;0;0;90;32;62;536;5;5;0;10;0;0;0;3;0;0;0;0;0;27;0;261;4;0;0;15;56;8;36;1;0;8;3;2;0;0;0;0;0;0;Gianfranco Chávez;Club Sporting Cristal
;;;;;;;;;;;;;;;0;0;0;5;63;3;75;1;0;87;8;67;116;1;1;0;2;0;0;0;1;1;0;0;0;0;3;0;26;0;0;0;3;100;2;3;1;0;0;0;0;0;0;0;0;0;0;Gustavo Cazonatti;Club Sporting Cristal
;;;;;;;;;;;;;;;0;0;0;3;43;0;0;0;0;92;3;38;99;0;3;1;2;0;0;0;1;0;0;0;0;0;7;0;46;0;0;0;6;86;1;0;0;1;2;0;0;0;0;0;0;0;0;Henry Caparó;Club Sporting Cristal
1477138;Ian;Wisdom;Ian Wisdom;I. Wisdom;19;Sub-20;325000;Perú;168;Der.;0;MC;MI;;1;0;0;17;40;2;25;2;1;85;19;37;547;2;5;9;9;0;0;0;8;2;0;0;0;0;61;4;221;6;1;50;1;14;4;3;9;1;7;4;3;14;0;1;0;0;0;Ian Wisdom;Club Sporting Cristal
133862;Irven;Ávila;Irven Ávila;I. Ávila;34;Mayor;225000;Perú;169;Der.;0;DC;EXI;EXD;4;0;0;13;33;15;44;2;2;76;28;38;578;8;13;9;13;0;0;0;5;1;0;0;0;0;63;1;112;11;0;0;2;33;1;6;0;5;19;8;4;21;1;8;0;0;0;Irven Ávila;Club Sporting Cristal
;;;;;;;;;;;;;;;0;1;0;9;53;1;100;4;1;80;10;56;126;3;2;3;4;0;0;0;2;0;0;0;0;0;14;1;28;3;1;25;1;100;0;0;1;0;1;0;1;0;0;1;0;0;0;Jair Moretti;Club Sporting Cristal
;;;;;;;;;;;;;;;0;3;0;36;45;12;38;2;0;89;48;43;989;11;31;3;13;0;0;0;10;3;0;0;0;0;92;0;444;9;1;25;25;71;13;21;8;0;12;3;2;0;0;0;0;0;0;Jesús Pretell;Club Sporting Cristal
;;;;;;;;;;;;;;;0;2;0;26;47;14;37;4;0;85;40;43;1006;8;20;4;13;0;0;0;15;3;0;0;0;0;82;2;316;10;8;25;42;68;11;29;5;1;3;1;0;0;0;0;0;0;0;Jhilmar Lora;Club Sporting Cristal
;;;;;;;;;;;;;;;0;1;0;26;59;1;20;10;4;80;27;55;438;8;3;6;12;0;0;0;4;3;0;0;0;0;54;6;141;11;4;31;5;38;2;5;4;0;12;2;5;0;0;0;0;0;0;Jostin Alarcón;Club Sporting Cristal
;;;;;;;;;;;;;;;0;2;0;5;45;1;50;1;0;83;6;46;261;4;2;1;8;0;0;0;3;1;0;0;0;0;25;0;68;4;5;33;2;29;3;6;1;0;2;2;0;0;0;2;0;0;1;Leandro Sosa;Club Sporting Cristal
;;;;;;;;;;;;;;;0;1;0;3;33;7;54;0;0;88;10;45;135;3;2;1;2;0;0;0;2;2;0;0;0;0;7;0;79;0;0;0;8;57;0;12;3;0;1;1;0;0;0;0;0;0;0;Leonardo Díaz;Club Sporting Cristal
47435;Martín;Cauteruccio;Martín Cauteruccio;M. Cauteruccio;38;Mayor;125000;Uruguay;179;Der.;1;DC;;;8;0;0;9;41;13;41;5;3;77;22;41;1061;4;1;5;13;0;0;0;14;3;0;0;0;0;44;4;144;9;0;0;2;50;0;11;2;5;25;13;4;32;1;13;0;0;1;Martín Cauteruccio;Club Sporting Cristal
;;;;;;;;;;;;;;;3;4;0;41;60;15;56;11;0;82;56;59;863;11;7;5;15;0;0;0;11;0;0;0;0;0;131;4;422;13;11;22;60;61;10;25;9;1;22;7;8;14;0;0;0;1;0;Martín Távara;Club Sporting Cristal
1650235;Maxloren;Castro;Maxloren Castro;M. Castro;17;Sub-20;850000;Perú;168;Izq.;0;EXI;EXD;;1;0;0;37;57;3;38;7;3;82;40;55;583;14;6;9;13;0;0;0;8;0;0;0;0;0;57;2;107;10;6;19;3;50;1;4;7;2;10;3;0;10;2;2;0;0;0;Maxloren Castro;Club Sporting Cristal
;;;;;;;;;;;;EXD;;;2;3;0;22;43;0;0;9;0;75;22;37;550;7;6;11;14;0;0;0;5;4;0;0;0;0;35;1;77;9;2;10;6;55;3;3;4;2;17;5;4;12;2;3;0;1;1;Misael Sosa;Club Sporting Cristal
;;;;;;;;;;;;;;;0;2;1;24;47;11;55;2;0;85;35;49;1194;6;13;3;15;0;0;0;16;3;0;0;0;0;102;0;495;10;7;19;26;41;10;46;10;2;9;1;5;0;0;1;0;0;0;Nicolás Pasquini;Club Sporting Cristal
;;;;;;;;;;;;;;;0;1;0;16;62;24;63;1;0;87;40;63;728;7;8;0;9;0;0;0;10;1;0;0;0;0;53;0;394;3;1;33;28;49;8;52;2;0;3;0;1;0;0;0;1;0;0;Rafael Lutiger;Club Sporting Cristal
;;;;;;;;;;;;EXD;;;2;3;0;34;40;3;33;12;1;78;37;40;872;12;24;8;11;0;0;0;6;3;0;0;0;0;78;6;151;23;24;28;6;43;1;3;5;3;25;7;8;8;0;5;0;0;0;Santiago González;Club Sporting Cristal
;;;;;;;;;;;;EXI;;;0;0;0;14;48;2;33;2;2;80;16;46;265;10;0;7;9;0;0;0;7;1;0;0;0;0;12;1;48;3;1;10;1;25;2;1;3;1;7;3;1;0;0;0;0;0;1;Alexander Lecaros;Comerciantes Unidos
;;;;;;;;;;;;EXI;;;0;1;0;12;52;3;60;3;0;82;15;54;237;3;5;1;6;0;0;0;3;2;0;0;0;0;26;0;62;7;6;33;2;33;1;1;2;0;2;0;1;0;0;1;0;0;0;Brayan Lucumí;Comerciantes Unidos
;;;;;;;;;;;;;;;0;4;1;24;47;22;55;2;0;77;46;51;1084;5;19;2;14;0;0;0;15;5;0;0;0;0;24;0;283;2;2;29;27;38;10;52;5;1;8;0;3;0;0;1;0;0;0;Brian Sosa;Comerciantes Unidos
;;;;;;;;;;;;;;;0;0;0;3;60;2;67;0;0;65;5;63;106;2;3;0;10;0;0;0;1;2;0;0;0;0;5;0;26;0;0;0;1;25;3;2;0;0;3;0;1;0;1;0;0;0;0;Bruno Portugal;Comerciantes Unidos
;;;;;;;;;;;;;;;0;2;1;22;49;4;50;1;0;75;26;49;406;5;16;3;6;0;0;0;5;1;0;0;0;0;25;0;90;4;0;0;8;44;9;6;5;0;2;0;0;0;1;0;0;0;0;Emanuel Ibáñez;Comerciantes Unidos
;;;;;;;;;;;;;;;0;1;0;5;45;15;79;1;0;79;20;67;426;2;3;0;5;0;0;0;7;1;0;0;0;0;12;0;147;1;0;0;11;31;4;30;3;0;2;1;0;0;1;1;0;1;0;Francisco Duclos;Comerciantes Unidos
;;;;;;;;;;;;;;;0;1;0;20;45;11;65;8;0;79;31;51;672;4;4;5;10;0;0;0;9;2;0;0;0;0;46;2;149;8;10;26;9;43;9;21;8;0;5;1;3;0;0;0;0;1;0;Gabriel Alfaro;Comerciantes Unidos
;;;;;;;;;;;;;;;0;3;0;50;40;1;11;21;1;74;51;38;1148;9;17;13;16;0;0;0;20;5;0;0;0;0;62;3;254;13;13;30;21;41;10;16;15;1;4;1;0;0;0;0;0;0;1;Gilmar Paredes;Comerciantes Unidos
;;;;;;;;;;;;;;;1;0;0;10;56;3;60;1;0;86;13;57;529;2;2;1;12;0;0;0;9;3;0;0;0;0;15;0;175;1;0;0;10;43;2;7;4;0;3;1;1;33;0;1;0;0;0;Jhon Vega;Comerciantes Unidos
;;;;;;;;;;;;;;;0;0;1;11;48;1;50;2;0;84;12;48;249;4;5;3;8;0;0;0;3;0;0;0;0;0;29;0;100;0;0;0;8;53;4;2;3;0;4;1;0;0;0;0;0;0;0;Jose Antonio Parodi;Comerciantes Unidos
;;;;;;;;;;;;;;;0;4;0;18;44;5;63;4;0;82;23;47;616;0;10;1;8;0;0;0;10;1;0;0;0;0;23;0;191;2;4;40;17;50;12;15;5;0;5;2;1;0;0;0;0;0;0;José Marina;Comerciantes Unidos
;;;;;;;;;;;;;;;0;1;0;10;71;2;100;0;0;81;12;75;96;6;2;0;3;0;0;0;0;1;0;0;0;0;10;0;39;0;0;0;5;38;0;2;1;0;1;0;1;0;0;0;0;0;0;Kevin Peña;Comerciantes Unidos
;;;;;;;;;;;;;;;0;3;0;28;42;10;53;6;0;85;38;45;1032;7;15;9;14;0;0;0;17;4;0;0;0;0;56;0;478;1;0;0;79;65;12;19;13;0;2;0;0;0;0;0;0;0;0;Keyvin Paico;Comerciantes Unidos
;;;;;;;;;;;;EXI;;;2;1;0;30;61;7;47;6;1;71;37;58;629;20;6;5;11;0;0;0;9;2;0;0;0;0;39;1;91;10;6;19;5;38;5;5;1;2;16;8;3;13;1;2;0;0;0;Leiner Escalante;Comerciantes Unidos
;;;;;;;;;;;;;;;0;0;1;0;0;2;100;0;0;67;2;67;270;0;1;0;3;8;6;2;5;3;3;0;2;0;2;0;56;0;0;0;22;45;0;2;0;0;0;0;0;0;0;0;0;0;0;Luis Garcia;Comerciantes Unidos
;;;;;;;;;;;;;;;0;2;0;18;50;3;75;3;0;78;21;53;336;11;6;3;10;0;0;0;7;1;0;0;0;0;47;0;150;6;5;31;26;60;2;3;4;0;3;0;2;0;0;0;0;0;0;Luis Garcia;Comerciantes Unidos
;;;;;;;;;;;;EXI;;;0;0;0;56;58;3;38;26;1;79;59;57;1031;23;4;15;15;0;0;0;16;3;0;0;0;0;90;2;250;14;6;18;13;52;7;2;6;0;7;1;4;0;0;1;0;0;0;Mathias Carpio;Comerciantes Unidos
960220;Matias;Sen;Matias Sen;M. Sen;33;Mayor;300000;Argentina;184;Der.;1;DC;;;7;6;0;22;31;54;53;3;1;70;76;44;1317;13;34;10;15;0;0;0;19;5;0;0;0;0;61;2;157;9;1;17;4;44;1;14;7;7;41;12;9;17;0;7;0;0;0;Matias Sen;Comerciantes Unidos
;;;;;;;;;;;;;;;0;2;0;21;64;18;56;3;0;75;39;60;775;1;12;1;10;0;0;0;12;1;0;0;0;0;18;0;210;1;0;0;32;41;15;50;2;1;5;0;0;0;0;0;0;2;0;Nahuel Tecilla;Comerciantes Unidos
;;;;;;;;;;;;;;;0;0;0;41;68;4;36;7;2;75;45;63;650;11;5;7;11;0;0;0;12;2;0;0;0;0;42;3;160;11;8;35;6;27;9;23;3;0;3;0;1;0;1;1;0;1;0;Paolo Méndez;Comerciantes Unidos
;;;;;;;;;;;;;;;1;2;0;31;55;2;17;9;1;77;33;49;837;15;8;8;12;0;0;0;16;1;0;0;0;0;63;3;157;11;7;24;7;47;5;6;3;1;5;3;0;20;1;2;0;0;0;Ray Sandoval;Comerciantes Unidos
;;;;;;;;;;;;;;;0;3;0;22;65;5;38;0;0;80;27;57;521;6;5;1;7;0;0;0;10;1;0;0;0;0;12;0;138;1;0;0;19;54;3;24;5;0;2;2;0;0;0;0;1;0;0;Rotceh Aguilar;Comerciantes Unidos
954811;Sebastián;Gonzales Zela;Sebastián Gonzales Zela;S. Gonzales Zela;25;Mayor;275000;Perú;186;Der.;0;DC;;;5;2;0;23;49;24;59;3;2;70;47;53;787;17;11;5;14;0;0;0;14;4;0;0;0;0;30;1;124;2;1;33;4;25;2;9;3;0;18;6;4;28;0;3;0;0;0;Sebastián Gonzales Zela;Comerciantes Unidos
;;;;;;;;;;;;;;;1;1;2;22;63;11;55;3;0;73;33;60;536;6;9;1;8;0;0;0;12;1;0;0;0;0;10;0;151;1;0;0;19;40;7;43;2;0;1;1;0;100;0;0;0;0;0;Williams Guzmán;Comerciantes Unidos
;;;;;;;;;;;;;;;0;3;0;2;50;3;100;1;0;60;5;71;1170;1;1;0;13;47;31;16;19;2;8;11;10;11;26;0;230;1;0;0;91;38;0;21;1;0;0;0;0;0;0;0;0;0;0;Álvaro Villete;Comerciantes Unidos
;;;;;;;;;;;;;;;1;2;1;32;57;36;73;2;0;92;68;65;1327;12;17;2;15;0;0;0;15;2;0;0;0;0;28;1;812;4;1;50;26;43;12;84;7;1;13;5;3;8;0;0;0;0;0;Aldair Fuentes;Cusco FC
;;;;;;;;;;;;;;;0;1;0;4;57;3;50;0;0;85;7;54;220;1;2;0;6;0;0;0;3;1;0;0;0;0;6;0;111;0;1;20;3;20;5;2;1;1;1;0;0;0;0;0;0;0;0;Alessandro Milesi;Cusco FC
;;;;;;;;;;;;;;;0;0;0;1;33;0;0;0;0;90;1;33;36;0;0;2;3;0;0;0;2;0;0;0;0;0;1;0;9;0;0;0;0;0;0;0;0;0;0;0;0;0;0;0;0;0;0;Alex Miguel Custodio;Cusco FC
;;;;;;;;;;;;;;;1;4;0;50;59;22;49;11;1;92;72;55;1320;14;13;4;16;0;0;0;15;1;0;0;0;0;63;1;732;5;5;38;40;56;10;56;8;0;5;2;1;20;0;2;0;2;0;Alvaro Ampuero;Cusco FC
;;;;;;;;;;;;;;;0;1;0;2;67;0;0;1;0;84;2;67;360;1;0;0;4;10;5;5;5;1;0;0;1;0;2;0;100;0;0;0;9;41;0;2;0;0;0;0;0;0;0;0;0;1;0;Andy Vidal;Cusco FC
;;;;;;;;;;;;;;;1;1;0;45;54;3;21;6;2;87;48;49;1265;21;11;14;16;0;0;0;12;1;0;0;0;0;68;2;336;8;4;21;7;37;17;13;7;1;10;5;2;10;0;2;0;0;0;Carlos Diez;Cusco FC
;;;;;;;;;;;;;;;0;0;0;7;58;6;55;1;1;96;13;57;297;0;2;0;7;0;0;0;4;0;0;0;0;0;1;0;195;1;0;0;9;60;1;16;3;0;0;0;0;0;0;0;0;0;0;Carlos Gamarra;Cusco FC
325609;Facundo;Callejo;Facundo Callejo;F. Callejo;32;Mayor;350000;Argentina;176;Der.;1;DC;;;11;2;0;15;39;23;48;1;3;75;38;44;1046;9;12;6;15;0;0;0;10;0;0;0;0;0;38;3;137;6;2;15;2;67;3;7;1;8;34;18;7;32;2;8;0;0;0;Facundo Callejo;Cusco FC
829029;Iván;Colman;Iván Colman;I. Colman;30;Mayor;450000;Argentina;173;Der.;1;MP;MC;;3;0;0;38;48;3;30;10;7;84;41;46;1349;16;7;21;16;0;0;0;14;2;0;0;0;0;215;9;808;41;32;36;44;54;4;5;9;1;19;8;3;16;0;0;0;0;0;Iván Colman;Cusco FC
;;;;;;;;;;;;;;;0;0;0;9;50;3;50;0;0;93;12;50;329;3;5;0;9;0;0;0;6;1;0;0;0;0;22;0;190;2;2;50;4;67;4;10;2;1;2;0;1;0;0;0;0;1;0;José Zevallos;Cusco FC
923196;Juan;Tévez;Juan Tévez;J. Tévez;37;Mayor;150000;Argentina;186;Der.;0;DC;;;5;1;0;11;38;11;42;2;0;66;22;40;510;7;11;4;16;0;0;0;8;2;0;0;0;0;12;0;44;4;1;33;0;0;0;5;2;1;13;7;1;38;0;5;0;0;0;Juan Tévez;Cusco FC
;;;;;;;;;;;;;;;0;1;0;4;50;1;100;1;0;75;5;56;123;2;2;0;7;0;0;0;3;1;0;0;0;0;6;0;30;0;1;25;4;67;0;1;2;0;1;0;0;0;0;2;0;0;0;Julián Aquino;Cusco FC
586956;Lucas;Colitto;Lucas Colitto;L. Colitto;31;Mayor;350000;Argentina;172;Izq.;1;EXI;EXD;;1;0;0;33;52;2;40;10;5;83;35;51;1080;5;4;4;13;0;0;0;12;0;0;0;0;0;83;7;364;26;23;33;12;50;6;5;11;4;16;5;5;6;0;10;0;0;0;Lucas Colitto;Cusco FC
;;;;;;;;;;;;;;;2;3;0;25;66;29;69;1;0;88;54;68;1170;5;11;2;13;0;0;0;14;2;0;0;0;0;26;1;654;1;0;0;32;36;3;72;3;0;9;4;1;22;1;1;1;0;0;Marco Saravia;Cusco FC
1016982;Marlon;Ruidías;Marlon Ruidías;M. Ruidías;26;Mayor;400000;Perú;175;Der.;0;LD;CRD;;1;3;1;49;52;8;50;11;0;89;57;51;1127;12;17;6;15;0;0;0;12;1;0;0;0;0;102;2;671;11;5;29;31;52;14;20;13;0;10;6;0;10;1;0;0;1;1;Marlon Ruidías;Cusco FC
;;;;;;;;;;;;;;;0;0;0;7;58;1;33;3;0;70;8;53;124;1;1;0;6;0;0;0;4;1;0;0;0;0;5;0;21;0;0;0;1;33;1;3;2;0;2;1;0;0;0;0;0;0;0;Miguel Aucca;Cusco FC
;;;;;;;;;;;;EXD;;;1;2;0;44;50;5;71;14;3;81;49;52;1090;22;7;10;15;0;0;0;9;1;0;0;0;0;82;6;285;13;7;23;8;57;3;8;7;3;23;9;2;4;0;2;0;0;0;Nicolás Silva;Cusco FC
;;;;;;;;;;;;;;;0;4;0;40;54;8;47;3;0;90;48;53;1421;11;17;4;16;0;0;0;16;2;0;0;0;0;58;0;678;9;0;0;40;62;14;25;9;0;7;0;3;0;0;0;0;0;1;Oswaldo Valenzuela;Cusco FC
;;;;;;;;;;;;;;;0;0;0;1;17;1;25;1;0;86;2;20;49;0;4;1;5;0;0;0;0;0;0;0;0;0;6;0;18;1;0;0;0;0;0;4;0;0;2;0;0;0;0;0;0;0;0;Pablo Cárdenas;Cusco FC
973678;Pedro;Diaz;Pedro Diaz;P. Diaz;27;Mayor;400000;Perú;183;Der.;0;GK;;;0;3;0;4;100;2;100;0;0;79;6;100;1080;4;0;0;12;57;35;22;12;1;4;2;9;2;10;0;299;1;0;0;52;40;0;13;0;0;0;0;0;0;0;0;1;1;0;Pedro Diaz;Cusco FC
;;;;;;;;;;;;EXD;;;1;1;0;26;41;7;78;8;0;86;33;46;521;12;15;10;12;0;0;0;10;2;0;0;0;0;46;1;142;7;5;17;7;78;0;6;0;1;8;2;0;13;1;0;0;0;0;Pierre Da Silva;Cusco FC
;;;;;;;;;;;;EXI;;;0;0;0;3;60;0;0;0;0;100;3;50;15;2;0;0;1;0;0;0;0;0;0;0;0;0;0;0;2;0;0;0;0;0;0;0;0;0;1;1;0;0;0;0;0;0;0;Santiago Gálvez;Cusco FC
1479165;Abraham;Aguinaga;Abraham Aguinaga;A. Aguinaga;22;Sub-23;250000;Perú;162;Der.;0;EXI;;;1;1;0;24;50;6;35;2;3;78;30;46;759;15;4;9;15;0;0;0;13;0;0;0;0;0;85;2;209;13;8;21;11;50;2;9;1;1;18;7;3;6;0;4;0;0;0;Abraham Aguinaga;Deportivo Binacional
;;;;;;;;;;;;;;;0;0;0;2;33;1;100;0;0;88;3;43;50;2;2;0;4;0;0;0;0;0;0;0;0;0;2;0;21;0;0;0;0;0;0;0;0;0;0;0;0;0;0;0;0;0;0;Alex Magallanes;Deportivo Binacional
;;;;;;;;;;;;;;;0;0;0;4;57;5;100;1;0;65;9;75;1330;3;0;0;15;49;32;17;25;1;9;1;5;1;8;0;182;0;0;0;47;34;1;10;3;0;0;0;0;0;0;0;0;1;0;Angel Azurin;Deportivo Binacional
;;;;;;;;;;;;;;;2;3;0;40;57;7;41;7;1;90;47;54;884;19;8;4;14;0;0;0;17;1;0;0;0;0;64;2;314;7;4;19;12;57;10;25;11;0;11;4;2;18;0;2;0;0;0;Arthur Gutiérrez;Deportivo Binacional
;;;;;;;;;;;;;;;1;2;0;3;25;12;44;0;0;87;15;38;553;1;6;1;8;0;0;0;8;0;0;0;0;0;5;0;188;0;0;0;23;64;8;40;2;0;5;1;1;20;0;0;0;0;0;Brackson Leon;Deportivo Binacional
;;;;;;;;;;;;EXD;;;0;1;0;32;53;1;50;5;0;87;33;53;419;14;10;9;10;0;0;0;8;0;0;0;0;0;41;1;113;4;0;0;5;71;4;1;4;0;5;2;2;0;0;2;0;0;0;Carlos Meza;Deportivo Binacional
;;;;;;;;;;;;;;;0;0;2;22;73;5;36;3;0;72;27;61;437;6;5;0;8;0;0;0;9;0;0;0;0;0;4;0;114;0;0;0;13;37;5;21;2;0;2;0;1;0;0;0;0;0;0;Dennis Perez;Deportivo Binacional
;;;;;;;;;;;;;;;0;0;0;20;44;2;25;4;0;83;22;42;772;7;9;3;11;0;0;0;14;0;0;0;0;0;64;0;221;7;9;31;12;34;11;20;10;0;0;0;0;0;0;0;0;0;0;Denylson Chavez;Deportivo Binacional
;;;;;;;;;;;;;;;0;0;1;0;0;0;0;0;0;89;0;0;107;0;1;0;2;5;2;3;1;0;0;1;0;1;0;0;16;0;0;0;1;33;0;1;0;0;0;0;0;0;0;0;0;0;0;Diego Montalvo;Deportivo Binacional
;;;;;;;;;;;;;;;0;3;0;28;53;2;33;1;0;83;30;51;639;7;9;3;10;0;0;0;16;0;0;0;0;0;43;0;191;3;0;0;15;56;3;18;11;0;4;0;1;0;0;0;0;0;0;Edinson Chavez;Deportivo Binacional
;;;;;;;;;;;;;;;1;2;0;12;32;4;40;6;2;83;16;33;736;2;7;3;9;0;0;0;10;1;0;0;0;0;91;2;400;14;6;19;57;61;2;19;14;0;9;2;2;11;0;0;0;1;0;Edson Aubert;Deportivo Binacional
;;;;;;;;;;;;EXD;;;0;0;0;35;45;4;29;13;0;85;39;43;655;12;13;14;13;0;0;0;10;0;0;0;0;0;57;3;175;10;7;44;11;65;2;7;1;1;13;4;4;0;0;2;0;0;0;Franchesco Flores;Deportivo Binacional
;;;;;;;;;;;;;;;3;1;0;14;33;15;43;4;1;62;29;38;523;8;11;10;6;0;0;0;11;0;0;0;0;0;26;1;55;5;0;0;3;50;1;5;2;5;17;8;6;18;0;6;0;0;0;Gabriel Leyes;Deportivo Binacional
;;;;;;;;;;;;;;;1;1;1;27;63;21;48;4;0;78;48;55;726;5;12;1;10;0;0;0;13;1;0;0;0;0;12;0;215;1;0;0;22;42;17;62;6;0;13;4;1;8;0;1;0;0;0;Hairo Timaná;Deportivo Binacional
;;;;;;;;;;;;;;;1;1;1;29;58;0;0;4;0;88;29;55;571;11;7;6;10;0;0;0;9;1;0;0;0;0;90;1;290;11;0;0;20;71;3;4;2;0;13;2;3;8;0;0;0;0;0;Hoover Crespo;Deportivo Binacional
;;;;;;;;;;;;;;;0;0;0;1;33;1;33;0;0;96;2;33;136;0;1;2;3;0;0;0;1;1;0;0;0;0;13;0;65;4;2;50;1;50;2;0;0;0;0;0;0;0;0;0;0;0;0;Juan Ayqque;Deportivo Binacional
;;;;;;;;;;;;;;;0;4;0;44;54;7;50;12;1;81;51;53;1344;13;11;9;16;0;0;0;24;1;0;0;0;0;114;0;483;17;6;15;34;51;12;20;7;2;13;5;2;0;1;0;0;0;0;Juan Pablo Carranza;Deportivo Binacional
;;;;;;;;;;;;;;;1;2;0;32;63;6;55;4;0;88;38;61;645;5;7;4;10;0;0;0;13;1;0;0;0;0;36;0;224;4;1;100;18;53;8;12;6;0;6;3;1;17;0;0;0;0;0;Luis Duque;Deportivo Binacional
;;;;;;;;;;;;;;;3;2;0;27;38;8;24;7;0;84;35;33;959;12;19;7;14;0;0;0;15;1;0;0;0;0;71;0;168;5;0;0;3;60;3;8;4;1;19;8;5;16;0;6;0;0;0;Marlon Torres;Deportivo Binacional
;;;;;;;;;;;;EXD;;;0;2;0;20;45;5;42;4;1;84;25;45;642;8;11;5;14;0;0;0;12;0;0;0;0;0;64;0;229;7;4;14;18;69;5;9;6;1;10;2;4;0;0;0;0;0;0;Michael Rasmussen;Deportivo Binacional
;;;;;;;;;;;;;;;0;1;0;30;60;32;47;1;0;74;62;53;1440;8;5;2;16;0;0;0;26;1;0;0;0;0;31;0;393;2;0;0;51;38;15;119;12;1;8;0;2;0;1;1;0;0;0;Nicolas Rodriguez Petrini;Deportivo Binacional
;;;;;;;;;;;;;;;1;0;0;11;48;7;35;0;0;77;18;42;309;10;3;6;11;0;0;0;5;0;0;0;0;0;19;0;49;5;0;0;2;33;1;5;1;1;7;1;3;14;0;5;0;0;0;Nicolás Figueroa;Deportivo Binacional
;;;;;;;;;;;;;;;3;0;0;15;43;1;14;6;1;72;16;38;634;6;4;9;15;0;0;0;14;0;0;0;0;0;104;6;236;15;3;12;19;40;3;2;3;0;10;5;1;30;0;0;0;0;0;Róger Torres;Deportivo Binacional
;;;;;;;;;;;;;;;0;2;0;12;46;4;57;3;0;91;16;48;480;4;6;0;8;0;0;0;6;1;0;0;0;0;61;0;264;7;0;0;37;93;1;12;9;0;5;1;1;0;1;0;0;0;0;Yorkman Tello;Deportivo Binacional
846366;Adrián;Ugarriza;Adrián Ugarriza;A. Ugarriza;28;Mayor;275000;Perú;185;Der.;0;DC;EXD;;6;2;0;50;42;23;45;19;1;73;73;43;1330;16;19;20;17;0;0;0;13;3;0;0;0;0;89;2;229;20;1;13;10;53;2;12;8;5;38;15;10;16;1;3;0;0;0;Adrián Ugarriza;Deportivo Garcilaso
;;;;;;;;;;;;;;;0;2;2;7;41;6;60;0;0;70;13;48;411;0;7;1;10;0;0;0;4;0;0;0;0;0;10;0;32;0;1;13;6;55;2;12;2;0;1;0;0;0;0;0;0;0;0;Aldair Salazar;Deportivo Garcilaso
;;;;;;;;;;;;;;;2;5;1;29;62;60;67;1;1;70;89;65;1308;13;17;0;15;0;0;0;14;3;0;0;0;0;33;1;193;4;0;0;24;44;17;73;6;2;17;4;1;12;0;0;0;0;0;Carlos Beltran;Deportivo Garcilaso
;;;;;;;;;;;;;;;0;5;1;42;48;22;85;3;0;72;64;56;974;6;28;2;12;0;0;0;10;2;0;0;0;0;43;0;186;5;0;0;12;39;19;34;15;0;4;1;2;0;0;0;0;0;0;Cristian García;Deportivo Garcilaso
;;;;;;;;;;;;;;;0;2;0;13;45;3;38;3;0;86;16;43;552;5;9;3;10;0;0;0;6;0;0;0;0;0;20;0;101;1;0;0;6;46;4;10;3;0;1;0;1;0;0;0;0;0;0;Emmanuel Páucar;Deportivo Garcilaso
;;;;;;;;;;;;;;;0;5;0;50;47;7;78;17;0;72;57;50;1412;10;20;8;16;0;0;0;15;3;0;0;0;0;72;2;264;10;14;25;22;33;21;39;10;0;7;1;3;0;0;0;0;0;0;Erick Canales;Deportivo Garcilaso
;;;;;;;;;;;;;;;2;3;1;22;34;15;39;4;1;69;37;36;1079;16;23;4;16;0;0;0;8;2;0;0;0;0;43;3;119;6;2;33;5;56;2;9;12;2;25;8;2;8;0;8;0;0;0;Ezequiel Naya;Deportivo Garcilaso
;;;;;;;;;;;;;;;0;0;0;1;100;0;0;0;0;100;1;100;9;0;0;0;1;0;0;0;0;0;0;0;0;0;0;0;1;0;0;0;0;0;1;0;0;0;0;0;0;0;0;0;0;0;0;Frank Avendaño;Deportivo Garcilaso
;;;;;;;;;;;;;;;4;3;0;19;54;18;72;2;0;67;37;62;1114;5;11;0;14;0;0;0;8;3;0;0;0;0;25;0;144;1;0;0;30;40;9;82;5;1;12;6;1;33;0;1;0;1;0;Ignacio Gariglio;Deportivo Garcilaso
;;;;;;;;;;;;;;;0;0;0;1;100;0;0;0;0;90;1;50;51;0;0;0;3;0;0;0;0;0;0;0;0;0;2;0;9;0;0;0;0;0;1;3;0;0;1;0;0;0;0;0;0;0;0;Inti Garrafa;Deportivo Garcilaso
;;;;;;;;;;;;EXD;;;0;0;0;1;33;0;0;0;0;60;1;33;41;0;2;0;5;0;0;0;0;0;0;0;0;0;1;0;3;0;0;0;0;0;0;0;0;0;0;0;0;0;0;0;0;0;0;Jean Franco Valer;Deportivo Garcilaso
;;;;;;;;;;;;EXD;;;0;0;1;5;45;5;71;3;0;65;10;56;221;2;2;2;9;0;0;0;1;0;0;0;0;0;5;1;30;1;2;29;2;33;2;2;0;0;2;0;0;0;0;0;0;0;0;Jorge Bazan;Deportivo Garcilaso
;;;;;;;;;;;;;;;1;2;0;23;56;35;60;0;1;66;58;59;1102;4;15;2;14;0;0;0;13;2;0;0;0;0;21;2;133;6;0;0;21;30;5;88;4;2;12;4;3;8;0;2;0;0;0;Juan Diego Lojas;Deportivo Garcilaso
883296;Kevin;Sandoval;Kevin Sandoval;K. Sandoval;28;Mayor;450000;Perú;175;Izq.;0;EXI;MP;;1;4;0;42;45;5;33;11;6;67;47;43;1216;17;11;15;16;0;0;0;14;2;0;0;0;0;63;7;162;48;43;38;17;55;15;5;8;1;18;5;8;6;0;2;0;0;0;Kevin Sandoval;Deportivo Garcilaso
;;;;;;;;;;;;;;;0;1;0;11;50;8;73;2;0;77;19;58;252;4;5;3;12;0;0;0;4;1;0;0;0;0;33;1;71;1;1;17;3;50;2;5;1;1;2;1;0;0;0;1;0;0;0;Marco Aldair Rodríguez;Deportivo Garcilaso
;;;;;;;;;;;;;;;0;4;1;72;58;8;73;9;2;73;80;59;1045;22;21;2;12;0;0;0;9;3;0;0;0;0;70;2;229;14;2;29;20;41;22;18;18;0;7;1;2;0;0;0;0;0;0;Nicolás Gómez;Deportivo Garcilaso
;;;;;;;;;;;;;;;0;8;0;54;56;12;44;10;2;69;66;53;1388;28;17;4;16;0;0;0;13;3;0;0;0;0;54;0;214;9;9;26;17;27;18;42;13;0;1;0;0;0;0;2;0;0;0;Orlando Nuñez;Deportivo Garcilaso
1466382;Pablo;Erustes;Pablo Erustes;P. Erustes;31;Mayor;350000;Argentina;175;Izq.;1;DC;DL;ED;10;2;0;39;48;16;37;12;3;63;55;44;1045;21;13;11;13;0;0;0;8;2;0;0;0;0;56;4;137;14;0;0;3;21;0;2;4;3;34;17;4;29;1;4;0;0;1;Pablo Erustes;Deportivo Garcilaso
;;;;;;;;;;;;;;;0;1;0;2;100;4;100;0;2;53;6;100;1530;3;0;0;17;69;38;31;15;3;9;3;6;3;46;0;201;3;0;0;145;45;0;12;0;0;0;0;0;0;0;0;0;0;0;Patrick Zubczuk;Deportivo Garcilaso
;;;;;;;;;;;;;;;0;0;0;0;0;0;0;0;0;60;0;0;24;0;0;0;2;0;0;0;0;0;0;0;0;0;1;0;3;0;0;0;1;33;0;1;0;0;0;0;0;0;0;0;0;0;0;Samir Villacorta;Deportivo Garcilaso
;;;;;;;;;;;;;;;0;1;1;8;38;0;0;3;0;69;8;35;207;0;8;0;10;0;0;0;2;0;0;0;0;0;6;0;40;0;1;50;3;23;3;6;4;0;0;0;0;0;0;0;0;0;0;Xavi Moreno;Deportivo Garcilaso
;;;;;;;;;;;;;;;0;2;0;28;55;13;68;6;0;73;41;59;535;14;6;9;16;0;0;0;7;1;0;0;0;0;62;3;137;13;5;20;15;58;5;3;4;0;10;1;4;0;1;0;0;0;0;Yuriel Celi;Deportivo Garcilaso
;;;;;;;;;;;;;;;1;1;0;33;42;7;35;9;1;81;40;40;879;15;9;10;14;0;0;0;9;2;0;0;0;0;77;1;277;14;16;40;34;60;6;6;12;0;12;4;5;8;0;1;0;0;0;Adrián Quiroz;Los Chankas CYC
;;;;;;;;;;;;;;;0;5;0;72;59;15;63;12;2;79;87;59;1381;25;21;4;16;0;0;0;19;5;0;0;0;0;98;1;368;21;13;22;38;47;19;36;14;0;6;1;0;0;0;1;0;0;0;Ayrthon Quintana;Los Chankas CYC
;;;;;;;;;;;;;;;0;0;0;29;58;17;61;0;0;79;46;59;1173;8;13;1;14;0;0;0;14;5;0;0;0;0;21;0;251;1;0;0;21;33;5;60;7;0;5;0;2;0;0;1;0;1;0;Carlos Pimienta;Los Chankas CYC
;;;;;;;;;;;;;;;1;1;1;30;45;7;78;3;2;84;37;49;500;12;21;5;9;0;0;0;8;2;0;0;0;0;31;1;140;5;0;0;9;69;7;8;6;0;4;1;1;25;0;0;0;0;0;Christian Velarde;Los Chankas CYC
;;;;;;;;;;;;;;;0;0;0;2;67;2;100;0;0;92;4;80;75;0;1;0;2;0;0;0;2;0;0;0;0;0;0;0;12;1;1;100;0;0;2;4;0;0;0;0;0;0;0;0;0;0;0;David Martin Gonzales;Los Chankas CYC
;;;;;;;;;;;;;;;0;0;0;9;56;5;38;0;0;68;14;48;257;4;3;1;6;0;0;0;2;1;0;0;0;0;11;0;52;1;0;0;5;28;4;14;3;0;1;0;1;0;0;0;0;0;0;Ederson Mogollón;Los Chankas CYC
;;;;;;;;;;;;;;;0;1;0;9;64;2;22;2;0;82;11;48;103;3;2;2;7;0;0;0;2;1;0;0;0;0;5;0;14;0;0;0;0;0;1;1;0;0;0;0;0;0;0;0;0;0;0;Flavio Fernández;Los Chankas CYC
;;;;;;;;;;;;;;;0;5;0;6;67;4;100;0;0;63;10;77;1080;6;1;0;12;28;18;9;12;3;14;7;9;7;12;0;173;1;0;0;65;39;0;19;2;0;0;0;0;0;0;0;0;0;0;Franco Saravia;Los Chankas CYC
;;;;;;;;;;;;;;;3;3;0;89;56;2;11;20;2;69;91;51;1186;33;28;24;16;0;0;0;15;4;0;0;0;0;76;4;180;22;13;34;15;43;3;5;9;2;38;12;10;8;1;3;0;0;0;Franco Torres;Los Chankas CYC
;;;;;;;;;;;;;;;0;0;0;2;67;0;0;0;0;96;2;50;90;0;1;0;1;0;0;0;2;0;0;0;0;0;3;0;26;0;0;0;5;100;2;2;0;0;0;0;0;0;0;0;0;0;0;Franz Schmidt;Los Chankas CYC
;;;;;;;;;;;;;;;0;0;0;1;33;0;0;0;0;80;1;25;44;0;1;0;3;0;0;0;1;0;0;0;0;0;3;0;8;0;0;0;0;0;0;2;1;0;0;0;0;0;0;0;0;0;0;Fred Zamalloa;Los Chankas CYC
;;;;;;;;;;;;;;;0;1;0;1;100;1;100;0;0;59;2;100;360;1;0;0;4;19;14;4;7;2;3;2;3;2;3;0;60;0;0;0;22;35;0;6;0;0;0;0;0;0;0;0;0;0;0;Hairo Camacho;Los Chankas CYC
;;;;;;;;;;;;;;;1;5;0;30;61;28;49;9;1;75;58;55;1350;5;9;0;15;0;0;0;18;5;0;0;0;0;37;0;417;6;2;33;64;39;27;96;7;0;13;4;2;8;1;1;0;1;0;Hector González;Los Chankas CYC
;;;;;;;;;;;;;;;5;3;0;9;29;5;29;7;0;77;14;29;574;2;11;6;14;0;0;0;9;2;0;0;0;0;27;0;73;7;1;50;3;75;1;4;4;2;19;10;1;26;0;7;0;0;0;Isaac Camargo;Los Chankas CYC
;;;;;;;;;;;;;;;0;2;0;40;56;5;45;6;1;89;45;55;1361;15;4;10;16;0;0;0;18;5;0;0;0;0;107;0;485;16;8;50;32;53;6;21;11;0;17;6;2;0;0;0;0;0;0;Jordan Guivin;Los Chankas CYC
;;;;;;;;;;;;;;;0;0;0;18;49;1;33;2;0;82;19;48;301;3;9;1;12;0;0;0;5;0;0;0;0;0;16;0;84;2;0;0;3;38;7;7;7;0;0;0;0;0;0;0;0;1;0;Jorge Palomino;Los Chankas CYC
;;;;;;;;;;;;;;;0;0;0;7;41;0;0;1;0;90;7;39;126;1;2;3;6;0;0;0;4;1;0;0;0;0;28;1;70;3;2;50;5;71;1;1;1;0;0;0;0;0;0;0;0;0;0;Josue Tunqui;Los Chankas CYC
339475;José;Manzaneda;José Miguel Manzaneda;J. M. Manzaneda;30;Mayor;325000;Perú;182;Der.;0;EXI;MP;;5;2;0;60;47;14;41;19;6;83;74;46;1380;21;18;23;16;0;0;0;18;5;0;0;0;0;113;3;348;19;5;13;11;50;7;15;11;0;33;10;10;15;1;15;1;0;0;José Miguel Manzaneda;Los Chankas CYC
;;;;;;;;;;;;;;;0;1;0;6;50;4;57;1;0;69;10;53;85;3;2;3;5;0;0;0;0;0;0;0;0;0;4;0;18;0;0;0;0;0;0;0;1;0;4;2;1;0;0;0;0;0;0;Kevin Sánchez;Los Chankas CYC
;;;;;;;;;;;;;;;0;2;0;33;65;11;50;2;1;82;44;60;907;9;10;7;15;0;0;0;10;4;0;0;0;0;33;0;265;1;0;0;25;39;17;31;2;0;3;1;0;0;0;0;0;0;0;Leonardo Mifflin;Los Chankas CYC
;;;;;;;;;;;;;;;3;1;0;12;38;10;67;1;0;85;22;47;670;4;10;3;13;0;0;0;7;4;0;0;0;0;44;0;159;3;4;24;8;67;4;20;3;0;10;4;3;30;1;3;0;0;0;Oshiro Takeuchi;Los Chankas CYC
;;;;;;;;;;;;;;;4;3;0;24;47;32;49;2;0;64;56;48;931;16;17;7;16;0;0;0;13;3;0;0;0;0;32;0;103;6;0;0;3;33;2;12;1;1;21;8;5;19;0;4;0;0;0;Pablo Bueno;Los Chankas CYC
;;;;;;;;;;;;;;;0;3;0;18;36;3;33;7;2;69;21;36;838;1;6;10;14;0;0;0;11;1;0;0;0;0;35;0;144;7;9;30;15;26;13;24;6;0;3;0;1;0;0;1;0;0;0;Santiago Torres;Los Chankas CYC
;;;;;;;;;;;;;;;0;0;0;2;40;4;80;0;0;82;6;60;209;0;1;2;5;0;0;0;3;0;0;0;0;0;4;0;74;0;0;0;15;54;2;15;0;0;1;0;0;0;0;0;0;0;0;Ángelo Pizzorno;Los Chankas CYC
;;;;;;;;;;;;;;;0;1;0;16;53;24;83;1;0;86;40;68;522;2;6;1;7;0;0;0;7;1;0;0;0;0;22;0;221;0;0;0;26;63;5;31;6;0;4;0;1;0;0;0;0;0;0;Alec Deneumostier;Melgar
;;;;;;;;;;;;;;;1;3;0;10;26;3;38;3;0;83;13;28;516;2;12;4;12;0;0;0;4;0;0;0;0;0;70;1;220;6;3;33;7;32;3;13;3;0;1;1;0;100;0;0;0;0;0;Alejandro Ramos;Melgar
;;;;;;;;;;;;;;;1;1;0;39;70;6;50;2;0;86;45;66;799;15;10;0;16;0;0;0;10;0;0;0;0;0;62;0;348;5;0;0;31;60;14;13;7;0;4;3;0;25;0;1;0;0;0;Alexis Arias;Melgar
;;;;;;;;;;;;;;;0;0;0;1;50;0;0;0;0;86;1;50;22;0;0;1;1;0;0;0;0;0;0;0;0;0;3;0;12;1;0;0;1;33;2;0;0;0;0;0;0;0;0;0;0;1;0;Andersson Pumacajia;Melgar
;;;;;;;;;;;;;;;0;1;0;0;0;1;25;0;0;57;1;25;39;0;0;0;2;0;0;0;1;0;0;0;0;0;0;0;4;1;1;100;0;0;0;0;0;0;1;1;0;0;0;0;0;0;0;Bernardo Cuesta;Melgar
;;;;;;;;;;;;;;;0;0;0;1;50;2;100;0;0;71;3;75;900;1;0;0;10;22;15;7;9;2;6;0;1;0;13;0;166;0;0;0;57;48;0;2;1;0;0;0;0;0;0;0;1;0;0;Carlos Cáceda;Melgar
340553;Cristian;Bordacahar;Cristian Bordacahar;C. Bordacahar;33;Mayor;325000;Argentina;180;Der.;0;EXD;DC;;2;3;0;23;37;27;54;7;5;71;50;45;868;9;16;8;12;0;0;0;6;2;0;0;0;0;96;5;250;25;8;36;20;48;3;14;9;2;24;8;5;8;2;4;0;0;0;Cristian Bordacahar;Melgar
;;;;;;;;;;;;;;;0;0;0;2;67;0;0;0;0;78;2;29;45;0;1;0;1;0;0;0;1;1;0;0;0;0;2;0;7;0;0;0;0;0;0;0;0;0;0;0;0;0;0;1;0;0;0;Diego Rodríguez;Melgar
;;;;;;;;;;;;;;;0;1;0;0;0;0;0;0;0;92;0;0;21;0;3;0;2;0;0;0;0;0;0;0;0;0;5;0;11;1;0;0;1;50;0;1;0;0;0;0;0;0;0;0;0;0;0;Emilio Saba;Melgar
800243;Facundo;Castro;Facundo Castro;F. Castro;29;Mayor;350000;Argentina;180;Der.;1;DC;;;5;0;0;11;31;14;54;4;0;77;25;40;544;3;4;13;11;0;0;0;3;0;0;0;0;0;23;0;70;4;2;67;3;100;0;9;2;1;14;7;3;36;1;5;0;0;0;Facundo Castro;Melgar
;;;;;;;;;;;;;;;0;1;0;13;87;1;20;0;0;84;14;70;110;4;2;0;4;0;0;0;2;0;0;0;0;0;11;0;31;1;0;0;0;0;1;1;0;0;3;0;0;0;0;0;0;0;0;Gian García;Melgar
;;;;;;;;;;;;;;;1;0;0;22;54;3;17;12;0;74;25;42;598;2;1;7;16;0;0;0;10;2;0;0;0;0;29;0;72;7;2;11;2;29;4;1;3;0;16;4;4;6;0;2;0;0;0;Gregorio Rodriguez;Melgar
;;;;;;;;;;;;;;;0;4;1;22;49;10;36;4;0;84;32;44;882;8;11;2;11;0;0;0;8;1;0;0;0;0;65;1;472;4;1;25;67;60;8;15;10;0;2;0;0;0;0;1;0;0;0;Horacio Orzan;Melgar
;;;;;;;;;;;;;;;0;1;0;3;100;2;100;1;0;72;5;100;630;3;0;0;7;15;9;6;8;0;3;2;4;2;9;0;116;0;0;0;39;47;0;7;0;0;0;0;0;0;0;0;0;0;0;Jorge Cabezudo;Melgar
1086295;Kenji;Cabrera;Kenji Cabrera;K. Cabrera;22;Sub-23;1600000;Perú;174;Der.;0;EXI;;;6;3;0;65;54;18;45;24;2;78;83;52;1202;28;9;12;15;0;0;0;13;1;0;0;0;0;191;7;390;37;20;33;33;55;6;10;14;2;23;12;6;26;2;2;0;0;0;Kenji Cabrera;Melgar
;;;;;;;;;;;;;;;3;2;0;52;52;7;29;16;1;84;59;48;1010;28;6;16;16;0;0;0;11;1;0;0;0;0;122;2;265;13;11;28;5;38;3;9;8;3;29;11;7;10;0;6;0;0;0;Lautaro Guzmán;Melgar
;;;;;;;;;;;;;;;2;4;1;48;71;28;58;11;1;80;76;66;1378;11;6;2;16;0;0;0;14;1;0;0;0;0;73;1;552;7;9;41;80;49;20;70;8;0;7;3;2;29;0;0;0;0;0;Leonel González;Melgar
1466550;Mariano;Barreda;Mariano Barreda;M. Barreda;22;Sub-23;75000;Perú;181;Der.;0;DC;;;1;0;0;7;41;6;38;1;0;56;13;39;214;4;2;1;6;0;0;0;2;0;0;0;0;0;5;0;18;0;1;33;0;0;0;2;2;3;9;5;1;11;0;0;0;0;0;Mariano Barreda;Melgar
989259;Mathias;Llontop;Mathias Llontop;M. Llontop;23;Sub-23;450000;Perú;169;Izq.;0;LI;CRI;;0;0;0;29;71;8;32;2;2;87;37;56;873;9;8;4;12;0;0;0;12;1;0;0;0;0;53;4;233;9;10;27;13;54;5;23;1;2;5;1;2;0;0;1;0;0;0;Mathias Llontop;Melgar
1086284;Matías;Lazo;Matías Lazo;M. Lazo;21;Sub-23;1000000;Perú;188;Der.;0;DFCD;LD;;1;2;0;39;49;14;45;15;2;79;53;48;1132;5;17;4;15;0;0;0;13;1;0;0;0;0;94;2;364;10;1;8;20;43;17;27;7;0;4;2;1;25;0;0;0;0;0;Matías Lazo;Melgar
;;;;;;;;;;;;;;;0;0;0;0;0;0;0;0;0;100;0;0;12;0;0;0;1;0;0;0;0;0;0;0;0;0;0;0;2;0;0;0;0;0;0;0;0;0;0;0;0;0;0;0;0;0;0;Michel Estela;Melgar
;;;;;;;;;;;;;;;0;2;0;31;67;5;45;4;1;78;36;63;461;9;5;3;9;0;0;0;3;1;0;0;0;0;32;1;117;2;2;12;7;39;5;12;6;0;1;0;0;0;0;1;0;0;0;Nelson Cabanillas;Melgar
975919;Percy;Liza;Percy Liza;P. Liza;25;Mayor;250000;Perú;185;Der.;0;DC;;;2;3;0;16;36;23;53;0;0;66;39;44;464;8;17;5;12;0;0;0;7;1;0;0;0;0;19;0;57;3;0;0;1;100;1;7;2;3;13;4;2;15;0;3;0;0;0;Percy Liza;Melgar
;;;;;;;;;;;;;;;1;6;0;28;54;26;55;2;0;80;54;55;1085;12;16;3;14;0;0;0;13;2;0;0;0;0;39;0;374;2;1;50;54;48;2;67;6;7;18;5;1;6;2;1;0;0;0;Pier Barrios;Melgar
;;;;;;;;;;;;;;;0;0;0;3;60;2;67;1;0;90;5;63;117;0;1;1;5;0;0;0;1;0;0;0;0;0;17;0;54;2;0;0;5;71;0;0;0;0;2;0;0;0;0;0;0;0;0;Piero Vivanco;Melgar
;;;;;;;;;;;;;;;1;2;0;69;53;3;21;22;3;85;72;50;1149;24;10;15;17;0;0;0;12;2;0;0;0;0;182;4;477;30;21;28;37;65;6;5;11;1;43;15;14;2;0;3;0;1;1;Tomás Martínez;Melgar
;;;;;;;;;;;;;;;0;2;0;45;47;3;19;4;0;88;48;43;1318;10;22;7;17;0;0;0;17;2;0;0;0;0;137;1;607;8;1;20;60;71;14;15;21;1;9;4;4;0;0;0;0;2;0;Walter Tandazo;Melgar
;;;;;;;;;;;;;;;1;4;0;22;49;10;56;1;0;81;32;51;692;7;13;5;12;0;0;0;12;1;0;0;0;0;23;0;207;2;0;0;18;53;5;20;7;1;6;2;0;17;0;0;2;0;0;Alejandro Altuna;Sport Boys
830663;Alejandro;Hohberg;Alejandro Hohberg;A. Hohberg;33;Mayor;350000;Perú;168;Der.;0;EXI;MP;;9;3;0;48;49;3;15;10;6;77;51;43;1370;19;15;11;16;0;0;0;23;1;0;0;0;0;121;7;376;31;26;34;33;48;7;7;14;11;51;20;13;18;1;9;0;0;0;Alejandro Hohberg;Sport Boys
;;;;;;;;;;;;;;;0;0;0;6;55;0;0;0;0;67;6;55;87;4;1;1;4;0;0;0;2;0;0;0;0;0;9;0;18;2;0;0;0;0;0;0;1;0;0;0;0;0;0;1;0;0;0;Alexis Huaman;Sport Boys
;;;;;;;;;;;;;;;0;0;0;2;40;1;100;0;0;63;3;50;43;0;2;1;3;0;0;0;2;1;0;0;0;0;1;0;5;0;0;0;1;100;1;4;0;0;0;0;0;0;0;0;0;0;0;Benjamín Villalta;Sport Boys
;;;;;;;;;;;;;;;1;2;0;24;36;4;40;7;4;81;28;37;882;8;11;13;13;0;0;0;11;2;0;0;0;0;61;5;161;16;9;24;5;45;1;10;4;0;12;8;2;8;0;2;0;0;0;Carlos López;Sport Boys
;;;;;;;;;;;;;;;1;2;1;40;61;10;53;7;2;77;50;59;991;8;8;4;14;0;0;0;16;1;0;0;0;0;44;3;239;9;11;35;21;47;8;24;6;0;6;3;0;17;0;0;0;0;0;Cristian Carbajal;Sport Boys
;;;;;;;;;;;;;;;0;0;1;7;37;2;17;0;0;74;9;29;210;4;4;5;8;0;0;0;5;0;0;0;0;0;10;0;26;1;0;0;1;50;0;2;2;0;2;0;0;0;0;0;0;0;0;Diego Otoya;Sport Boys
1049088;Erick;Gonzales;Erick Gonzales;E. Gonzales;29;Mayor;350000;Perú;190;Der.;0;MCD;DFCD;DFCI;0;4;1;38;54;19;83;4;0;86;57;61;863;8;21;4;12;0;0;0;13;1;0;0;0;0;30;0;336;2;0;0;16;53;14;25;7;0;4;1;1;0;0;0;0;1;0;Erick Gonzales;Sport Boys
;;;;;;;;;;;;;;;0;2;0;11;52;3;25;2;0;61;14;42;185;7;5;4;10;0;0;0;2;0;0;0;0;0;5;1;17;2;1;33;0;0;1;3;2;0;1;0;1;0;0;0;0;0;0;Gilmar Rodríguez;Sport Boys
;;;;;;;;;;;;;;;0;1;0;16;73;9;60;2;0;79;25;68;485;3;3;2;6;0;0;0;8;2;0;0;0;0;8;0;126;0;0;0;10;26;5;46;0;0;2;0;0;0;1;0;0;0;0;Hansell Riojas;Sport Boys
;;;;;;;;;;;;;;;2;5;1;62;51;12;40;8;0;70;74;49;1161;26;29;8;14;0;0;0;21;1;0;0;0;0;77;3;257;8;4;24;18;47;9;14;16;0;14;4;4;14;0;0;0;0;0;Hernan Da Campo;Sport Boys
;;;;;;;;;;;;;;;0;0;0;1;100;0;0;0;0;75;1;100;21;0;0;0;1;0;0;0;0;0;0;0;0;0;1;0;3;0;0;0;0;0;0;0;0;0;2;1;0;0;0;0;0;0;0;Jesús Huamán;Sport Boys
;;;;;;;;;;;;;;;0;1;1;15;71;2;22;4;0;81;17;57;243;5;5;0;9;0;0;0;2;1;0;0;0;0;29;0;91;6;3;43;10;67;3;2;1;0;5;2;1;0;0;0;0;0;0;Jorge Rios;Sport Boys
;;;;;;;;;;;;;;;0;1;0;3;38;2;67;0;0;76;5;45;72;1;3;0;3;0;0;0;0;0;0;0;0;0;2;0;16;0;0;0;0;0;4;5;2;0;0;0;0;0;0;0;0;0;0;Joshua Cantt;Sport Boys
;;;;;;;;;;;;;;;0;0;0;0;0;0;0;0;0;50;0;0;11;0;0;0;1;0;0;0;0;0;0;0;0;0;1;0;1;0;0;0;0;0;0;0;0;0;0;0;0;0;0;0;0;0;0;José Davey;Sport Boys
;;;;;;;;;;;;;;;1;1;0;19;39;5;56;6;0;79;24;41;534;8;10;5;15;0;0;0;10;0;0;0;0;0;30;0;62;0;0;0;1;50;1;2;7;0;9;3;2;11;0;0;0;0;0;Juan Gonzáles;Sport Boys
340529;Luciano;Nequecaur;Luciano Nequecaur;L. Nequecaur;32;Mayor;250000;Argentina;195;Der.;1;DC;;;6;1;1;54;55;26;57;9;1;70;80;56;985;26;23;10;12;0;0;0;15;1;0;0;0;0;47;1;138;10;1;100;1;50;6;16;3;4;18;9;2;33;0;4;0;0;0;Luciano Nequecaur;Sport Boys
846474;Luis;Urruti;Luis Urruti;L. Urruti;32;Mayor;350000;Uruguay;172;Der.;0;EXI;DC;;3;2;0;53;55;6;55;11;1;70;59;55;998;25;10;15;14;0;0;0;16;1;0;0;0;0;56;8;160;20;6;33;12;43;3;4;14;3;29;13;4;10;0;7;0;0;0;Luis Urruti;Sport Boys
;;;;;;;;;;;;;;;0;5;0;20;56;21;57;6;0;82;41;56;990;7;12;1;11;0;0;0;17;0;0;0;0;0;39;0;375;2;1;50;32;41;10;57;6;0;7;2;0;0;2;1;0;0;0;Matias Almiron;Sport Boys
;;;;;;;;;;;;;;;0;0;0;0;0;0;0;0;0;100;0;0;1;0;0;0;1;0;0;0;0;0;0;0;0;0;0;0;2;0;0;0;0;0;0;0;0;0;0;0;0;0;0;0;0;0;0;Nicolas Paz;Sport Boys
;;;;;;;;;;;;;;;0;4;1;67;61;3;25;24;0;84;70;57;1295;22;9;10;16;0;0;0;22;1;0;0;0;0;76;1;397;5;2;17;25;49;10;38;10;0;6;0;2;0;0;0;0;0;0;Oslimg Mora;Sport Boys
;;;;;;;;;;;;;;;0;0;0;1;33;0;0;0;0;80;1;25;111;0;1;0;2;0;0;0;1;0;0;0;0;0;4;0;20;1;2;67;2;67;1;1;0;0;0;0;0;0;0;0;0;0;0;Renzo Salazar;Sport Boys
;;;;;;;;;;;;;;;0;4;0;32;54;43;54;6;0;78;75;54;1424;11;22;2;16;0;0;0;21;2;0;0;0;0;41;0;469;1;0;0;49;37;23;101;5;2;6;1;3;0;0;1;0;0;0;Rodrigo Colombo;Sport Boys
;;;;;;;;;;;;;;;0;0;0;3;50;1;50;0;0;55;4;50;55;0;1;0;2;0;0;0;0;1;0;0;0;0;0;0;6;0;0;0;0;0;1;2;1;0;0;0;0;0;0;0;0;0;0;Sebastian Alvarado;Sport Boys
1159659;Sebastian;Aranda;Sebastian Aranda;S. Aranda;21;Sub-23;225000;Perú;175;Izq.;0;LI;EXI;;0;3;0;55;66;8;57;11;0;79;63;65;694;24;7;5;13;0;0;0;9;2;0;0;0;0;17;0;124;7;4;31;9;53;8;24;8;0;3;2;1;0;0;2;0;0;1;Sebastian Aranda;Sport Boys
;;;;;;;;;;;;;;;0;2;0;1;25;1;100;0;1;76;2;40;1440;0;0;0;16;53;35;18;23;2;8;4;7;4;5;1;259;1;0;0;50;39;0;14;3;0;0;0;0;0;0;0;1;0;0;Steven Rivadeneyra;Sport Boys
;;;;;;;;;;;;;;;0;3;0;7;47;18;62;2;0;70;25;57;753;2;7;0;10;0;0;0;9;2;0;0;0;0;32;0;168;2;0;0;20;31;8;29;1;0;2;1;0;0;0;0;0;0;0;Alan Perez;Sport Huancayo
;;;;;;;;;;;;;;;0;0;0;0;0;1;100;0;0;51;1;100;630;0;0;0;7;11;6;4;7;3;1;2;2;2;9;0;83;0;0;0;36;32;1;4;0;0;0;0;0;0;0;0;0;0;0;Carlos Martin Solis;Sport Huancayo
;;;;;;;;;;;;;;;0;4;0;18;42;4;67;3;0;81;22;45;532;5;12;4;12;0;0;0;5;1;0;0;0;0;76;3;236;12;5;28;43;62;5;11;8;0;13;2;1;0;0;0;0;0;0;Diego Carabaño;Sport Huancayo
1546919;Edu;Villar;Edu Villar;E. Villar;21;Sub-23;275000;Perú;177;Der.;0;MCD;MCX;;0;3;0;29;45;9;56;3;1;83;38;48;857;6;10;8;11;0;0;0;8;4;0;0;0;0;82;0;235;13;1;50;16;55;14;17;7;1;9;1;6;0;0;0;0;0;0;Edu Villar;Sport Huancayo
1092343;Enzo;Fernandez;Enzo Ariel Fernandez;E. A. Fernández;33;Mayor;250000;Argentina;170;Izq.;1;ED;DL;;2;3;0;43;36;8;36;17;3;70;51;36;1098;15;22;22;16;0;0;0;7;5;0;0;0;0;113;4;254;26;14;22;28;60;15;6;18;1;25;4;7;8;0;2;0;0;0;Enzo Ariel Fernandez;Sport Huancayo
;;;;;;;;;;;;;;;0;8;0;46;51;14;58;4;2;78;60;53;1320;11;23;6;15;0;0;0;11;5;0;0;0;0;94;4;338;13;17;21;32;46;22;54;13;1;5;2;0;0;0;1;0;0;0;Hugo Ángeles;Sport Huancayo
;;;;;;;;;;;;;;;3;2;0;15;33;16;28;2;0;64;31;30;702;8;19;9;16;0;0;0;5;2;0;0;0;0;54;1;103;9;0;0;5;50;1;14;3;5;25;11;4;12;3;5;0;0;0;Janio Pósito;Sport Huancayo
;;;;;;;;;;;;;;;2;1;1;26;48;4;57;7;3;79;30;49;913;5;11;6;13;0;0;0;10;3;0;0;0;0;123;5;301;27;24;42;18;44;2;10;6;4;27;9;7;7;0;1;0;1;0;Javier Sanguinetti;Sport Huancayo
;;;;;;;;;;;;;;;0;1;0;37;45;29;64;12;2;75;66;52;1361;11;15;9;16;0;0;0;13;5;0;0;0;0;96;2;361;11;9;18;45;56;11;58;11;1;14;3;4;0;0;1;0;0;0;Johan Madrid;Sport Huancayo
;;;;;;;;;;;;;;;1;0;0;14;42;2;22;2;1;72;16;38;387;9;2;3;12;0;0;0;6;1;0;0;0;0;37;0;101;2;1;7;8;53;5;5;9;0;8;2;0;13;0;0;0;0;0;Josuee Herrera;Sport Huancayo
;;;;;;;;;;;;;;;1;1;1;16;59;10;50;1;0;81;26;55;539;3;6;0;9;0;0;0;6;1;0;0;0;0;3;0;103;0;0;0;12;50;3;34;3;0;2;2;0;50;0;0;0;0;0;Juan Barreda;Sport Huancayo
;;;;;;;;;;;;;;;0;0;0;0;0;0;0;0;0;0;0;0;10;0;0;0;1;0;0;0;0;0;0;0;0;0;0;0;0;0;0;0;0;0;0;0;0;0;0;0;0;0;0;0;0;0;0;Leonardo Villar;Sport Huancayo
;;;;;;;;;;;;;;;0;1;0;6;75;8;50;0;0;71;14;58;450;1;1;1;5;0;0;0;2;2;0;0;0;0;8;0;96;3;1;100;9;24;5;33;1;0;1;0;0;0;0;1;0;0;0;Marcelo Gaona;Sport Huancayo
143886;Marlon;De Jesús;Marlon de Jesús;M. d. Jesús;33;Mayor;250000;Ecuador;187;Der.;1;DC;;;4;2;0;12;32;18;41;4;1;71;30;37;855;5;10;8;15;0;0;0;8;3;0;0;0;0;42;1;96;3;0;0;1;20;0;15;2;4;27;14;5;15;0;5;0;0;0;Marlon de Jesús;Sport Huancayo
;;;;;;;;;;;;;;;1;2;0;16;46;3;50;3;1;78;19;46;428;6;3;6;11;0;0;0;4;1;0;0;0;0;69;1;124;12;3;16;8;73;2;3;2;1;8;4;3;13;0;2;0;0;0;Miguel Carranza;Sport Huancayo
;;;;;;;;;;;;;;;2;2;0;52;53;5;29;15;1;84;57;50;559;26;10;20;14;0;0;0;6;3;0;0;0;0;103;8;211;20;6;38;12;63;4;3;4;2;13;3;2;15;0;1;0;0;0;Nahuel Luján;Sport Huancayo
1411422;Piero;Magallanes;Piero Magallanes;P. Magallanes;24;Mayor;400000;Perú;180;Der.;0;EXI;MP;;4;0;0;21;55;0;0;9;0;75;21;46;419;8;3;3;12;0;0;0;3;0;0;0;0;0;48;1;87;8;3;19;3;60;0;1;2;4;23;13;5;17;0;2;0;0;0;Piero Magallanes;Sport Huancayo
;;;;;;;;;;;;;;;0;4;0;75;57;19;58;5;0;87;94;57;1401;23;38;3;16;0;0;0;13;5;0;0;0;0;52;0;408;4;0;0;25;52;21;33;15;0;2;0;2;0;0;0;0;0;0;Ricardo Salcedo;Sport Huancayo
;;;;;;;;;;;;;;;1;0;0;9;32;6;27;2;0;80;15;30;559;5;8;8;11;0;0;0;5;2;0;0;0;0;31;1;95;8;0;0;4;67;0;1;2;2;18;9;2;6;1;4;0;0;0;Ronal Huaccha;Sport Huancayo
;;;;;;;;;;;;;;;0;0;0;6;40;1;50;0;0;85;7;41;101;3;4;0;7;0;0;0;0;0;0;0;0;0;17;0;33;2;2;40;2;40;2;5;3;0;2;0;0;0;0;0;0;0;0;Sergio Barboza;Sport Huancayo
;;;;;;;;;;;;;;;0;2;0;25;52;37;60;0;0;73;62;56;1201;5;16;1;14;0;0;0;9;5;0;0;0;0;24;0;261;1;0;0;29;31;16;86;7;0;6;0;2;0;0;2;0;0;0;Yonatan Murillo;Sport Huancayo
;;;;;;;;;;;;;;;0;1;0;3;100;2;100;0;0;69;5;100;810;4;0;0;9;25;16;9;6;2;5;2;3;2;7;0;143;0;0;0;61;50;0;8;0;0;0;0;0;0;0;0;0;0;0;Ángel Zamudio;Sport Huancayo
1415941;André;Vasquez;André Vasquez;A. Vasquez;22;Sub-23;400000;Perú;167;Der.;0;MD;MP;MC;2;3;0;41;51;4;33;7;3;82;45;49;739;16;9;11;13;0;0;0;6;3;0;0;0;0;127;2;346;20;17;37;32;71;8;6;14;0;12;5;4;17;0;0;0;1;0;André Vasquez;Universidad Técnica de Cajamarca
;;;;;;;;;;;;;;;0;1;1;34;61;13;57;0;1;70;47;59;1291;18;7;3;15;0;0;0;27;4;0;0;0;0;75;1;277;10;4;22;32;39;11;54;7;0;10;3;0;0;0;0;0;0;0;Anthony Rosell;Universidad Técnica de Cajamarca
;;;;;;;;;;;;;;;0;2;1;26;37;8;57;8;0;79;34;40;450;13;10;11;10;0;0;0;9;2;0;0;0;0;41;2;107;8;7;30;6;67;4;5;9;1;10;2;4;0;0;2;0;0;0;Brandon Palacios;Universidad Técnica de Cajamarca
;;;;;;;;;;;;;;;2;2;0;22;44;15;45;5;2;80;37;45;1078;9;7;9;14;0;0;0;19;1;0;0;0;0;55;3;193;11;1;13;12;55;3;19;6;0;15;2;4;13;0;7;0;0;0;Cristian Mejia;Universidad Técnica de Cajamarca
;;;;;;;;;;;;;;;0;2;0;3;100;2;67;0;0;49;5;83;1035;3;0;0;12;36;24;12;19;4;2;2;4;2;14;1;114;2;0;0;43;27;0;8;0;0;0;0;0;0;0;0;0;0;0;Diego Campos;Universidad Técnica de Cajamarca
876931;Erinson;Ramirez;Erinson Ramirez;E. Ramirez;27;Mayor;300000;Perú;178;Der.;0;MP;EXI;EXD;5;0;0;38;51;8;35;14;1;76;46;47;1211;15;3;9;16;0;0;0;23;4;0;0;0;0;98;4;293;18;7;21;12;35;8;3;6;5;48;19;9;10;0;3;1;0;0;Erinson Ramirez;Universidad Técnica de Cajamarca
;;;;;;;;;;;;;;;0;3;0;8;40;5;71;0;0;87;13;48;338;0;10;0;5;0;0;0;5;1;0;0;0;0;8;0;75;0;0;0;11;65;6;17;2;0;2;0;1;0;0;0;0;0;0;Farid Romero;Universidad Técnica de Cajamarca
;;;;;;;;;;;;;;;1;2;0;31;44;21;51;11;2;77;52;47;1250;5;14;10;16;0;0;0;23;4;0;0;0;0;140;1;411;15;1;14;11;32;3;14;6;2;8;2;1;13;0;0;0;0;0;Freddy Oncoy;Universidad Técnica de Cajamarca
;;;;;;;;;;;;;;;0;2;0;15;39;1;33;7;0;82;16;39;290;3;6;9;10;0;0;0;3;0;0;0;0;0;40;0;92;7;5;38;8;62;0;2;2;0;11;2;3;0;0;0;0;0;0;Geimer Balanta;Universidad Técnica de Cajamarca
805451;Jarlin;Quintero;Jarlin Quintero;J. Quintero;31;Mayor;350000;Colombia;188;Der.;1;DC;;;6;4;0;51;33;23;27;18;1;71;74;31;1420;24;32;42;16;0;0;0;29;4;0;0;0;0;66;0;164;14;1;11;8;62;0;24;3;7;42;12;8;14;3;7;0;1;1;Jarlin Quintero;Universidad Técnica de Cajamarca
;;;;;;;;;;;;;;;0;1;1;14;38;2;22;6;0;82;16;35;624;2;9;2;11;0;0;0;13;3;0;0;0;0;41;0;190;5;4;40;15;48;7;15;8;0;5;2;2;0;0;0;0;0;0;Joaquín Aguirre;Universidad Técnica de Cajamarca
;;;;;;;;;;;;;;;0;2;0;9;64;11;69;0;0;85;20;67;368;4;5;1;8;0;0;0;17;0;0;0;0;0;11;0;109;2;0;0;11;50;10;20;1;0;3;0;2;0;0;0;0;1;0;José Luján;Universidad Técnica de Cajamarca
;;;;;;;;;;;;;;;0;0;0;4;50;3;33;0;0;50;7;41;65;3;3;0;6;0;0;0;4;0;0;0;0;0;3;0;8;0;0;0;0;0;0;1;1;0;0;0;0;0;0;0;0;0;0;José Verdún;Universidad Técnica de Cajamarca
;;;;;;;;;;;;;;;0;0;0;3;75;4;100;1;0;85;7;88;163;0;1;0;2;0;0;0;6;0;0;0;0;0;2;0;71;2;0;0;10;48;3;14;0;0;0;0;0;0;0;0;0;0;0;Koichi Aparicio;Universidad Técnica de Cajamarca
;;;;;;;;;;;;;;;0;3;0;34;52;37;70;2;0;78;71;60;1337;11;26;1;16;0;0;0;26;4;0;0;0;0;29;0;364;1;0;0;47;46;24;76;7;0;3;0;1;0;0;2;1;0;0;Leonardo Rugel;Universidad Técnica de Cajamarca
;;;;;;;;;;;;;;;0;1;0;3;13;5;38;2;0;75;8;22;251;0;12;7;13;0;0;0;10;1;0;0;0;0;10;0;40;2;1;50;2;50;0;8;1;0;5;0;2;0;0;0;0;0;0;Leonardo de la Cruz;Universidad Técnica de Cajamarca
;;;;;;;;;;;;;;;0;3;0;55;59;15;43;7;0;83;70;54;1220;18;16;6;14;0;0;0;26;4;0;0;0;0;68;0;425;8;0;0;36;55;20;30;13;0;7;2;1;0;0;2;0;0;0;Luis Alvarez;Universidad Técnica de Cajamarca
;;;;;;;;;;;;;;;0;1;0;28;55;6;75;6;0;78;34;58;456;12;6;4;7;0;0;0;9;1;0;0;0;0;25;1;96;5;3;25;5;50;9;5;10;0;2;1;1;0;0;0;0;0;0;Luis Garro;Universidad Técnica de Cajamarca
;;;;;;;;;;;;;;;0;0;0;4;57;2;100;0;0;75;6;67;405;6;1;0;5;12;8;4;10;0;4;4;4;4;8;0;88;0;0;0;25;46;0;8;2;0;0;0;0;0;0;0;0;0;0;Manuel Heredia;Universidad Técnica de Cajamarca
;;;;;;;;;;;;;;;0;1;0;2;33;0;0;1;0;100;2;33;18;1;2;1;2;0;0;0;0;0;0;0;0;0;2;0;6;1;0;0;0;0;0;0;0;0;0;0;0;0;0;0;0;0;0;Maycol Infante;Universidad Técnica de Cajamarca
;;;;;;;;;;;;;;;0;0;0;2;67;1;100;1;0;50;3;75;25;0;0;1;2;0;0;0;0;0;0;0;0;0;1;0;2;1;0;0;1;33;0;1;0;0;0;0;0;0;0;0;0;0;0;Mijailov Cabanillas;Universidad Técnica de Cajamarca
;;;;;;;;;;;;;;;0;5;1;26;49;22;47;3;0;79;48;48;1006;5;19;5;13;0;0;0;14;3;0;0;0;0;44;1;336;7;0;0;62;50;14;60;3;1;9;3;2;0;0;0;0;0;0;Piero Serra;Universidad Técnica de Cajamarca
;;;;;;;;;;;;;;;0;3;0;26;43;3;23;4;0;71;29;39;732;4;13;10;12;0;0;0;17;1;0;0;0;0;28;0;148;2;4;22;5;20;6;17;6;1;7;2;1;0;0;2;0;0;0;Roberto Villamarín;Universidad Técnica de Cajamarca
;;;;;;;;;;;;;;;0;1;0;7;54;3;100;4;0;68;10;63;88;2;2;1;5;0;0;0;3;0;0;0;0;0;2;0;13;1;1;14;0;0;0;1;1;0;2;0;0;0;0;0;0;1;0;Yehider Ibargüen;Universidad Técnica de Cajamarca
;;;;;;;;;;;;;;;1;3;0;17;55;17;53;4;0;87;34;54;954;3;7;3;11;0;0;0;6;1;0;0;0;0;37;0;335;2;0;0;16;50;7;40;3;0;3;1;0;33;0;0;0;1;0;Aldo Corzo;Universitario
1016972;Alex;Valera;Alex Valera;A. Valera;29;Mayor;900000;Perú;183;Izq.;0;DC;;;7;1;0;25;35;45;59;12;4;71;70;48;1180;9;17;14;16;0;0;0;9;0;0;0;0;0;101;1;223;21;3;27;17;71;2;11;4;5;63;23;9;11;2;4;0;0;0;Alex Valera;Universitario
;;;;;;;;;;;;;;;1;0;0;32;43;3;43;19;2;79;35;43;1158;3;7;10;16;0;0;0;8;0;0;0;0;0;150;7;460;29;20;25;36;50;10;19;6;1;19;5;4;5;0;1;0;0;0;Andy Polo;Universitario
;;;;;;;;;;;;;;;1;0;0;38;62;15;54;13;0;84;53;60;860;5;4;6;11;0;0;0;7;0;0;0;0;0;74;1;364;4;4;17;23;43;16;38;1;1;9;3;2;11;0;0;0;0;0;César Inga;Universitario
;;;;;;;;;;;;;;;3;0;1;24;56;20;56;1;0;72;44;56;449;12;10;6;13;0;0;0;4;1;0;0;0;0;33;1;84;5;2;29;4;57;2;5;3;0;7;3;0;43;0;2;0;0;0;Diego Churin;Universitario
176139;Edison;Flores;Edison Flores;E. Flores;31;Mayor;1000000;Perú;170;Izq.;0;EXI;DC;MP;4;1;0;20;44;6;27;1;1;79;26;39;646;12;8;9;12;0;0;0;5;0;0;0;0;0;83;0;153;13;6;40;10;77;2;1;1;1;18;6;6;22;0;3;0;0;1;Edison Flores;Universitario
;;;;;;;;;;;;;;;0;2;0;15;39;1;25;6;2;87;16;38;229;5;10;6;10;0;0;0;3;1;0;0;0;0;45;2;99;4;1;14;3;50;0;0;4;0;7;4;3;0;0;2;0;0;0;Gabriel Costa;Universitario
;;;;;;;;;;;;;;;0;0;1;8;73;13;65;0;1;76;21;68;371;0;1;0;5;0;0;0;4;1;0;0;0;0;16;1;129;2;0;0;20;47;2;30;1;0;5;2;0;0;0;0;0;0;0;Gustavo Dulanto;Universitario
;;;;;;;;;;;;;;;0;2;0;24;57;3;33;4;1;86;27;53;428;5;7;1;7;0;0;0;3;0;0;0;0;0;58;0;169;5;4;29;10;50;5;0;8;0;5;0;3;0;0;0;0;0;0;Horacio Calcaterra;Universitario
;;;;;;;;;;;;;;;1;1;0;14;50;2;33;7;0;81;16;47;309;2;0;4;6;0;0;0;3;1;0;0;0;0;25;0;93;3;4;17;9;60;3;9;2;0;5;2;0;20;0;0;0;1;0;Hugo Ancajima;Universitario
924783;Jairo;Concha;Jairo Concha;J. Concha;26;Mayor;1200000;Perú;175;Der.;0;MC;MP;;5;2;0;60;59;6;67;9;5;84;66;59;883;24;5;16;16;0;0;0;6;0;0;0;0;0;142;4;339;33;22;47;36;75;10;5;12;1;25;10;7;20;0;0;0;0;0;Jairo Concha;Universitario
;;;;;;;;;;;;;;;2;4;0;32;47;9;50;11;0;84;41;48;521;15;11;13;13;0;0;0;5;1;0;0;0;0;75;1;196;13;5;26;12;71;5;0;3;1;14;4;4;14;0;1;0;0;1;Jairo Vélez;Universitario
;;;;;;;;;;;;;;;0;1;0;26;44;9;56;0;0;81;35;47;621;8;26;1;14;0;0;0;7;1;0;0;0;0;44;0;223;5;0;0;20;59;10;11;4;0;0;0;0;0;0;0;1;0;0;Jorge Murrugarra;Universitario
;;;;;;;;;;;;;;;0;3;1;34;43;25;69;14;4;75;59;51;855;10;13;14;13;0;0;0;6;1;0;0;0;0;106;3;272;20;17;29;15;56;24;26;4;1;9;3;2;0;2;4;0;0;0;José Carabalí;Universitario
1020999;José;Rivera;José Rivera;J. Rivera;28;Mayor;700000;Perú;173;Der.;0;DC;EXI;EXD;6;2;1;29;50;5;28;4;0;83;34;45;661;20;6;14;14;0;0;0;4;1;0;0;0;0;38;0;89;7;4;44;1;33;1;1;2;4;32;11;9;19;1;1;0;0;0;José Rivera;Universitario
;;;;;;;;;;;;;;;1;3;0;19;39;6;43;9;0;80;25;40;627;5;11;11;10;0;0;0;3;0;0;0;0;0;69;1;194;9;8;47;17;68;5;4;3;4;16;5;4;6;0;5;0;0;0;Martín Pérez Guedes;Universitario
;;;;;;;;;;;;;;;1;3;0;25;66;32;82;2;0;82;57;74;1022;3;8;1;13;0;0;0;5;1;0;0;0;0;50;0;336;3;0;0;34;44;17;61;5;1;5;2;1;20;0;0;0;0;0;Matías Di Benedetto;Universitario
;;;;;;;;;;;;;;;0;0;0;0;0;0;0;0;0;40;0;0;90;0;0;0;1;2;1;1;2;0;0;0;0;0;0;0;4;0;0;0;2;25;0;0;0;0;0;0;0;0;0;0;0;0;0;Miguel Vargas;Universitario
;;;;;;;;;;;;;;;0;0;0;0;0;0;0;0;0;75;0;0;11;0;1;0;1;0;0;0;0;0;0;0;0;0;3;0;3;1;0;0;0;0;0;0;0;0;0;0;0;0;0;0;0;0;0;Nicolás Rengifo;Universitario
;;;;;;;;;;;;;;;0;0;0;12;40;4;80;0;1;85;16;46;360;3;9;0;8;0;0;0;5;0;0;0;0;0;29;1;82;3;4;40;3;30;6;4;7;1;2;1;1;0;1;0;0;0;0;Paolo Reyna;Universitario
;;;;;;;;;;;;;;;0;4;0;35;57;7;64;1;3;78;42;58;898;13;5;8;13;0;0;0;6;0;0;0;0;0;117;5;401;18;7;70;69;58;7;10;10;0;5;0;1;0;0;0;0;0;0;Rodrigo Ureña;Universitario
;;;;;;;;;;;;;;;0;1;0;2;100;2;100;0;0;60;4;100;1350;1;0;0;15;41;20;21;9;1;7;4;3;4;25;1;147;1;0;0;69;42;0;4;0;0;0;0;0;0;0;0;1;0;0;Sebastián Britos;Universitario
;;;;;;;;;;;;;;;0;0;0;1;100;0;0;1;0;100;1;100;9;0;0;0;1;0;0;0;0;0;0;0;0;0;0;0;3;0;0;0;0;0;0;1;0;0;0;0;0;0;0;0;0;0;0;Sebastián Flores;Universitario
;;;;;;;;;;;;;;;3;1;0;33;70;37;69;5;0;89;70;69;1339;12;9;0;15;0;0;0;11;0;0;0;0;0;31;0;462;2;0;0;48;62;18;105;6;1;13;5;2;23;1;0;1;1;0;Williams Riveros;Universitario
